baseyear,year,month_code,month,state,sector,group,subgroup,index,inflation,status
2012,2025,12,December,All India,Rural,Miscellaneous,Transport and Communication,178.5,1.02,F
2012,2025,12,December,All India,Urban,Miscellaneous,Transport and Communication,166.9,0.66,F
2012,2025,12,December,All India,Combined,Miscellaneous,Transport and Communication,172.4,0.82,F
2012,2025,12,December,Andhra Pradesh,Rural,Miscellaneous,Transport and Communication,195.2,1.56,F
2012,2025,12,December,Andhra Pradesh,Urban,Miscellaneous,Transport and Communication,174.6,-0.11,F
2012,2025,12,December,Andhra Pradesh,Combined,Miscellaneous,Transport and Communication,186.9,0.92,F
2012,2025,12,December,Assam,Rural,Miscellaneous,Transport and Communication,181.6,1.45,F
2012,2025,12,December,Assam,Urban,Miscellaneous,Transport and Communication,168.1,1.45,F
2012,2025,12,December,Assam,Combined,Miscellaneous,Transport and Communication,178.0,1.42,F
2012,2025,12,December,Bihar,Rural,Miscellaneous,Transport and Communication,180.4,2.27,F
2012,2025,12,December,Bihar,Urban,Miscellaneous,Transport and Communication,173.2,2.42,F
2012,2025,12,December,Bihar,Combined,Miscellaneous,Transport and Communication,179.0,2.29,F
2012,2025,12,December,Chhattisgarh,Rural,Miscellaneous,Transport and Communication,161.2,-0.25,F
2012,2025,12,December,Chhattisgarh,Urban,Miscellaneous,Transport and Communication,155.2,-0.32,F
2012,2025,12,December,Chhattisgarh,Combined,Miscellaneous,Transport and Communication,158.4,-0.25,F
2012,2025,12,December,Delhi,Rural,Miscellaneous,Transport and Communication,147.0,0.55,F
2012,2025,12,December,Delhi,Urban,Miscellaneous,Transport and Communication,162.2,0.12,F
2012,2025,12,December,Delhi,Combined,Miscellaneous,Transport and Communication,161.0,0.19,F
2012,2025,12,December,Gujarat,Rural,Miscellaneous,Transport and Communication,175.2,0.92,F
2012,2025,12,December,Gujarat,Urban,Miscellaneous,Transport and Communication,165.4,-0.84,F
2012,2025,12,December,Gujarat,Combined,Miscellaneous,Transport and Communication,169.2,-0.18,F
2012,2025,12,December,Haryana,Rural,Miscellaneous,Transport and Communication,180.4,0.33,F
2012,2025,12,December,Haryana,Urban,Miscellaneous,Transport and Communication,164.8,0.37,F
2012,2025,12,December,Haryana,Combined,Miscellaneous,Transport and Communication,172.3,0.35,F
2012,2025,12,December,Himachal Pradesh,Rural,Miscellaneous,Transport and Communication,170.2,5.65,F
2012,2025,12,December,Himachal Pradesh,Urban,Miscellaneous,Transport and Communication,159.8,3.56,F
2012,2025,12,December,Himachal Pradesh,Combined,Miscellaneous,Transport and Communication,168.3,5.25,F
2012,2025,12,December,Jammu & Kashmir,Rural,Miscellaneous,Transport and Communication,196.2,0.05,F
2012,2025,12,December,Jammu & Kashmir,Urban,Miscellaneous,Transport and Communication,171.8,-1.26,F
2012,2025,12,December,Jammu & Kashmir,Combined,Miscellaneous,Transport and Communication,186.4,-0.48,F
2012,2025,12,December,Jharkhand,Rural,Miscellaneous,Transport and Communication,169.6,0.77,F
2012,2025,12,December,Jharkhand,Urban,Miscellaneous,Transport and Communication,162.7,0.31,F
2012,2025,12,December,Jharkhand,Combined,Miscellaneous,Transport and Communication,166.5,0.60,F
2012,2025,12,December,Karnataka,Rural,Miscellaneous,Transport and Communication,178.3,5.01,F
2012,2025,12,December,Karnataka,Urban,Miscellaneous,Transport and Communication,166.6,2.84,F
2012,2025,12,December,Karnataka,Combined,Miscellaneous,Transport and Communication,171.4,3.75,F
2012,2025,12,December,Kerala,Rural,Miscellaneous,Transport and Communication,182.1,-1.25,F
2012,2025,12,December,Kerala,Urban,Miscellaneous,Transport and Communication,165.5,-3.89,F
2012,2025,12,December,Kerala,Combined,Miscellaneous,Transport and Communication,175.5,-2.28,F
2012,2025,12,December,Madhya Pradesh,Rural,Miscellaneous,Transport and Communication,178.3,0.00,F
2012,2025,12,December,Madhya Pradesh,Urban,Miscellaneous,Transport and Communication,169.5,0.47,F
2012,2025,12,December,Madhya Pradesh,Combined,Miscellaneous,Transport and Communication,173.9,0.23,F
2012,2025,12,December,Maharashtra,Rural,Miscellaneous,Transport and Communication,177.0,3.15,F
2012,2025,12,December,Maharashtra,Urban,Miscellaneous,Transport and Communication,171.3,2.39,F
2012,2025,12,December,Maharashtra,Combined,Miscellaneous,Transport and Communication,173.0,2.61,F
2012,2025,12,December,Odisha,Rural,Miscellaneous,Transport and Communication,191.5,2.02,F
2012,2025,12,December,Odisha,Urban,Miscellaneous,Transport and Communication,156.2,-0.76,F
2012,2025,12,December,Odisha,Combined,Miscellaneous,Transport and Communication,177.6,1.08,F
2012,2025,12,December,Punjab,Rural,Miscellaneous,Transport and Communication,173.4,0.35,F
2012,2025,12,December,Punjab,Urban,Miscellaneous,Transport and Communication,159.3,0.19,F
2012,2025,12,December,Punjab,Combined,Miscellaneous,Transport and Communication,167.5,0.30,F
2012,2025,12,December,Rajasthan,Rural,Miscellaneous,Transport and Communication,172.9,0.70,F
2012,2025,12,December,Rajasthan,Urban,Miscellaneous,Transport and Communication,161.4,0.06,F
2012,2025,12,December,Rajasthan,Combined,Miscellaneous,Transport and Communication,168.2,0.48,F
2012,2025,12,December,Tamil Nadu,Rural,Miscellaneous,Transport and Communication,173.9,0.40,F
2012,2025,12,December,Tamil Nadu,Urban,Miscellaneous,Transport and Communication,165.1,-0.12,F
2012,2025,12,December,Tamil Nadu,Combined,Miscellaneous,Transport and Communication,168.6,0.06,F
2012,2025,12,December,Telangana,Rural,Miscellaneous,Transport and Communication,200.5,2.24,F
2012,2025,12,December,Telangana,Urban,Miscellaneous,Transport and Communication,173.1,2.30,F
2012,2025,12,December,Telangana,Combined,Miscellaneous,Transport and Communication,184.3,2.28,F
2012,2025,12,December,Uttarakhand,Rural,Miscellaneous,Transport and Communication,186.4,-0.64,F
2012,2025,12,December,Uttarakhand,Urban,Miscellaneous,Transport and Communication,156.2,0.51,F
2012,2025,12,December,Uttarakhand,Combined,Miscellaneous,Transport and Communication,175.7,-0.28,F
2012,2025,12,December,Uttar Pradesh,Rural,Miscellaneous,Transport and Communication,168.1,-0.06,F
2012,2025,12,December,Uttar Pradesh,Urban,Miscellaneous,Transport and Communication,160.6,0.82,F
2012,2025,12,December,Uttar Pradesh,Combined,Miscellaneous,Transport and Communication,164.9,0.30,F
2012,2025,12,December,West Bengal,Rural,Miscellaneous,Transport and Communication,192.2,0.37,F
2012,2025,12,December,West Bengal,Urban,Miscellaneous,Transport and Communication,177.2,0.80,F
2012,2025,12,December,West Bengal,Combined,Miscellaneous,Transport and Communication,183.2,0.60,F
2012,2025,11,November,All India,Rural,Miscellaneous,Transport and Communication,178.4,1.02,F
2012,2025,11,November,All India,Urban,Miscellaneous,Transport and Communication,167.0,0.78,F
2012,2025,11,November,All India,Combined,Miscellaneous,Transport and Communication,172.4,0.88,F
2012,2025,11,November,Andhra Pradesh,Rural,Miscellaneous,Transport and Communication,195.2,1.56,F
2012,2025,11,November,Andhra Pradesh,Urban,Miscellaneous,Transport and Communication,174.5,-0.23,F
2012,2025,11,November,Andhra Pradesh,Combined,Miscellaneous,Transport and Communication,186.9,0.86,F
2012,2025,11,November,Assam,Rural,Miscellaneous,Transport and Communication,181.0,1.29,F
2012,2025,11,November,Assam,Urban,Miscellaneous,Transport and Communication,167.8,1.45,F
2012,2025,11,November,Assam,Combined,Miscellaneous,Transport and Communication,177.5,1.31,F
2012,2025,11,November,Bihar,Rural,Miscellaneous,Transport and Communication,180.3,2.27,F
2012,2025,11,November,Bihar,Urban,Miscellaneous,Transport and Communication,173.3,2.42,F
2012,2025,11,November,Bihar,Combined,Miscellaneous,Transport and Communication,179.0,2.29,F
2012,2025,11,November,Chhattisgarh,Rural,Miscellaneous,Transport and Communication,161.4,0.00,F
2012,2025,11,November,Chhattisgarh,Urban,Miscellaneous,Transport and Communication,155.4,-0.13,F
2012,2025,11,November,Chhattisgarh,Combined,Miscellaneous,Transport and Communication,158.6,-0.06,F
2012,2025,11,November,Delhi,Rural,Miscellaneous,Transport and Communication,146.8,0.41,F
2012,2025,11,November,Delhi,Urban,Miscellaneous,Transport and Communication,162.3,0.25,F
2012,2025,11,November,Delhi,Combined,Miscellaneous,Transport and Communication,161.0,0.25,F
2012,2025,11,November,Gujarat,Rural,Miscellaneous,Transport and Communication,175.0,0.81,F
2012,2025,11,November,Gujarat,Urban,Miscellaneous,Transport and Communication,166.2,-0.30,F
2012,2025,11,November,Gujarat,Combined,Miscellaneous,Transport and Communication,169.7,0.18,F
2012,2025,11,November,Haryana,Rural,Miscellaneous,Transport and Communication,180.2,0.22,F
2012,2025,11,November,Haryana,Urban,Miscellaneous,Transport and Communication,164.3,0.00,F
2012,2025,11,November,Haryana,Combined,Miscellaneous,Transport and Communication,171.9,0.12,F
2012,2025,11,November,Himachal Pradesh,Rural,Miscellaneous,Transport and Communication,170.2,5.65,F
2012,2025,11,November,Himachal Pradesh,Urban,Miscellaneous,Transport and Communication,159.8,3.56,F
2012,2025,11,November,Himachal Pradesh,Combined,Miscellaneous,Transport and Communication,168.3,5.25,F
2012,2025,11,November,Jammu & Kashmir,Rural,Miscellaneous,Transport and Communication,195.1,-0.41,F
2012,2025,11,November,Jammu & Kashmir,Urban,Miscellaneous,Transport and Communication,172.2,-1.03,F
2012,2025,11,November,Jammu & Kashmir,Combined,Miscellaneous,Transport and Communication,185.9,-0.64,F
2012,2025,11,November,Jharkhand,Rural,Miscellaneous,Transport and Communication,169.5,0.89,F
2012,2025,11,November,Jharkhand,Urban,Miscellaneous,Transport and Communication,162.7,0.37,F
2012,2025,11,November,Jharkhand,Combined,Miscellaneous,Transport and Communication,166.4,0.67,F
2012,2025,11,November,Karnataka,Rural,Miscellaneous,Transport and Communication,178.4,5.19,F
2012,2025,11,November,Karnataka,Urban,Miscellaneous,Transport and Communication,166.5,3.03,F
2012,2025,11,November,Karnataka,Combined,Miscellaneous,Transport and Communication,171.4,3.94,F
2012,2025,11,November,Kerala,Rural,Miscellaneous,Transport and Communication,182.1,-1.14,F
2012,2025,11,November,Kerala,Urban,Miscellaneous,Transport and Communication,165.5,-4.00,F
2012,2025,11,November,Kerala,Combined,Miscellaneous,Transport and Communication,175.5,-2.23,F
2012,2025,11,November,Madhya Pradesh,Rural,Miscellaneous,Transport and Communication,178.2,0.06,F
2012,2025,11,November,Madhya Pradesh,Urban,Miscellaneous,Transport and Communication,169.5,0.53,F
2012,2025,11,November,Madhya Pradesh,Combined,Miscellaneous,Transport and Communication,173.9,0.29,F
2012,2025,11,November,Maharashtra,Rural,Miscellaneous,Transport and Communication,177.0,3.15,F
2012,2025,11,November,Maharashtra,Urban,Miscellaneous,Transport and Communication,172.0,2.87,F
2012,2025,11,November,Maharashtra,Combined,Miscellaneous,Transport and Communication,173.5,2.97,F
2012,2025,11,November,Odisha,Rural,Miscellaneous,Transport and Communication,190.5,1.38,F
2012,2025,11,November,Odisha,Urban,Miscellaneous,Transport and Communication,155.9,-0.83,F
2012,2025,11,November,Odisha,Combined,Miscellaneous,Transport and Communication,176.8,0.57,F
2012,2025,11,November,Punjab,Rural,Miscellaneous,Transport and Communication,172.7,0.12,F
2012,2025,11,November,Punjab,Urban,Miscellaneous,Transport and Communication,159.2,0.13,F
2012,2025,11,November,Punjab,Combined,Miscellaneous,Transport and Communication,167.0,0.12,F
2012,2025,11,November,Rajasthan,Rural,Miscellaneous,Transport and Communication,172.7,0.64,F
2012,2025,11,November,Rajasthan,Urban,Miscellaneous,Transport and Communication,161.3,0.06,F
2012,2025,11,November,Rajasthan,Combined,Miscellaneous,Transport and Communication,168.0,0.42,F
2012,2025,11,November,Tamil Nadu,Rural,Miscellaneous,Transport and Communication,173.9,0.46,F
2012,2025,11,November,Tamil Nadu,Urban,Miscellaneous,Transport and Communication,165.4,0.12,F
2012,2025,11,November,Tamil Nadu,Combined,Miscellaneous,Transport and Communication,168.8,0.24,F
2012,2025,11,November,Telangana,Rural,Miscellaneous,Transport and Communication,199.6,1.84,F
2012,2025,11,November,Telangana,Urban,Miscellaneous,Transport and Communication,172.3,1.89,F
2012,2025,11,November,Telangana,Combined,Miscellaneous,Transport and Communication,183.5,1.89,F
2012,2025,11,November,Uttarakhand,Rural,Miscellaneous,Transport and Communication,188.8,0.69,F
2012,2025,11,November,Uttarakhand,Urban,Miscellaneous,Transport and Communication,155.8,0.45,F
2012,2025,11,November,Uttarakhand,Combined,Miscellaneous,Transport and Communication,177.1,0.62,F
2012,2025,11,November,Uttar Pradesh,Rural,Miscellaneous,Transport and Communication,167.9,0.00,F
2012,2025,11,November,Uttar Pradesh,Urban,Miscellaneous,Transport and Communication,160.3,0.63,F
2012,2025,11,November,Uttar Pradesh,Combined,Miscellaneous,Transport and Communication,164.6,0.24,F
2012,2025,11,November,West Bengal,Rural,Miscellaneous,Transport and Communication,192.2,0.42,F
2012,2025,11,November,West Bengal,Urban,Miscellaneous,Transport and Communication,177.3,0.80,F
2012,2025,11,November,West Bengal,Combined,Miscellaneous,Transport and Communication,183.3,0.66,F
2012,2025,10,October,All India,Rural,Miscellaneous,Transport and Communication,178.2,1.02,F
2012,2025,10,October,All India,Urban,Miscellaneous,Transport and Communication,166.9,0.85,F
2012,2025,10,October,All India,Combined,Miscellaneous,Transport and Communication,172.3,0.94,F
2012,2025,10,October,Andhra Pradesh,Rural,Miscellaneous,Transport and Communication,194.1,0.99,F
2012,2025,10,October,Andhra Pradesh,Urban,Miscellaneous,Transport and Communication,174.6,-0.46,F
2012,2025,10,October,Andhra Pradesh,Combined,Miscellaneous,Transport and Communication,186.3,0.43,F
2012,2025,10,October,Assam,Rural,Miscellaneous,Transport and Communication,181.2,1.68,F
2012,2025,10,October,Assam,Urban,Miscellaneous,Transport and Communication,168.2,1.94,F
2012,2025,10,October,Assam,Combined,Miscellaneous,Transport and Communication,177.7,1.72,F
2012,2025,10,October,Bihar,Rural,Miscellaneous,Transport and Communication,180.4,2.44,F
2012,2025,10,October,Bihar,Urban,Miscellaneous,Transport and Communication,173.7,2.90,F
2012,2025,10,October,Bihar,Combined,Miscellaneous,Transport and Communication,179.1,2.52,F
2012,2025,10,October,Chhattisgarh,Rural,Miscellaneous,Transport and Communication,161.3,0.19,F
2012,2025,10,October,Chhattisgarh,Urban,Miscellaneous,Transport and Communication,155.5,0.00,F
2012,2025,10,October,Chhattisgarh,Combined,Miscellaneous,Transport and Communication,158.6,0.13,F
2012,2025,10,October,Delhi,Rural,Miscellaneous,Transport and Communication,146.9,0.48,F
2012,2025,10,October,Delhi,Urban,Miscellaneous,Transport and Communication,162.2,0.25,F
2012,2025,10,October,Delhi,Combined,Miscellaneous,Transport and Communication,160.9,0.25,F
2012,2025,10,October,Gujarat,Rural,Miscellaneous,Transport and Communication,175.0,0.92,F
2012,2025,10,October,Gujarat,Urban,Miscellaneous,Transport and Communication,166.5,-0.18,F
2012,2025,10,October,Gujarat,Combined,Miscellaneous,Transport and Communication,169.8,0.24,F
2012,2025,10,October,Haryana,Rural,Miscellaneous,Transport and Communication,180.2,0.28,F
2012,2025,10,October,Haryana,Urban,Miscellaneous,Transport and Communication,163.9,-0.36,F
2012,2025,10,October,Haryana,Combined,Miscellaneous,Transport and Communication,171.7,-0.06,F
2012,2025,10,October,Himachal Pradesh,Rural,Miscellaneous,Transport and Communication,169.6,5.34,F
2012,2025,10,October,Himachal Pradesh,Urban,Miscellaneous,Transport and Communication,159.6,3.43,F
2012,2025,10,October,Himachal Pradesh,Combined,Miscellaneous,Transport and Communication,167.8,5.01,F
2012,2025,10,October,Jammu & Kashmir,Rural,Miscellaneous,Transport and Communication,195.4,-0.26,F
2012,2025,10,October,Jammu & Kashmir,Urban,Miscellaneous,Transport and Communication,171.6,-1.27,F
2012,2025,10,October,Jammu & Kashmir,Combined,Miscellaneous,Transport and Communication,185.9,-0.64,F
2012,2025,10,October,Jharkhand,Rural,Miscellaneous,Transport and Communication,169.5,1.07,F
2012,2025,10,October,Jharkhand,Urban,Miscellaneous,Transport and Communication,162.7,0.37,F
2012,2025,10,October,Jharkhand,Combined,Miscellaneous,Transport and Communication,166.4,0.73,F
2012,2025,10,October,Karnataka,Rural,Miscellaneous,Transport and Communication,178.3,5.25,F
2012,2025,10,October,Karnataka,Urban,Miscellaneous,Transport and Communication,166.4,2.97,F
2012,2025,10,October,Karnataka,Combined,Miscellaneous,Transport and Communication,171.3,3.94,F
2012,2025,10,October,Kerala,Rural,Miscellaneous,Transport and Communication,181.9,-1.09,F
2012,2025,10,October,Kerala,Urban,Miscellaneous,Transport and Communication,166.3,-3.31,F
2012,2025,10,October,Kerala,Combined,Miscellaneous,Transport and Communication,175.7,-1.95,F
2012,2025,10,October,Madhya Pradesh,Rural,Miscellaneous,Transport and Communication,178.1,0.06,F
2012,2025,10,October,Madhya Pradesh,Urban,Miscellaneous,Transport and Communication,169.8,1.31,F
2012,2025,10,October,Madhya Pradesh,Combined,Miscellaneous,Transport and Communication,174.0,0.69,F
2012,2025,10,October,Maharashtra,Rural,Miscellaneous,Transport and Communication,177.0,3.21,F
2012,2025,10,October,Maharashtra,Urban,Miscellaneous,Transport and Communication,171.2,2.76,F
2012,2025,10,October,Maharashtra,Combined,Miscellaneous,Transport and Communication,172.9,2.86,F
2012,2025,10,October,Odisha,Rural,Miscellaneous,Transport and Communication,189.8,1.39,F
2012,2025,10,October,Odisha,Urban,Miscellaneous,Transport and Communication,156.2,-0.57,F
2012,2025,10,October,Odisha,Combined,Miscellaneous,Transport and Communication,176.5,0.68,F
2012,2025,10,October,Punjab,Rural,Miscellaneous,Transport and Communication,172.4,0.35,F
2012,2025,10,October,Punjab,Urban,Miscellaneous,Transport and Communication,159.2,0.25,F
2012,2025,10,October,Punjab,Combined,Miscellaneous,Transport and Communication,166.8,0.30,F
2012,2025,10,October,Rajasthan,Rural,Miscellaneous,Transport and Communication,172.5,0.88,F
2012,2025,10,October,Rajasthan,Urban,Miscellaneous,Transport and Communication,161.6,0.31,F
2012,2025,10,October,Rajasthan,Combined,Miscellaneous,Transport and Communication,168.0,0.66,F
2012,2025,10,October,Tamil Nadu,Rural,Miscellaneous,Transport and Communication,174.2,0.69,F
2012,2025,10,October,Tamil Nadu,Urban,Miscellaneous,Transport and Communication,166.1,0.54,F
2012,2025,10,October,Tamil Nadu,Combined,Miscellaneous,Transport and Communication,169.4,0.65,F
2012,2025,10,October,Telangana,Rural,Miscellaneous,Transport and Communication,198.6,1.33,F
2012,2025,10,October,Telangana,Urban,Miscellaneous,Transport and Communication,172.2,1.83,F
2012,2025,10,October,Telangana,Combined,Miscellaneous,Transport and Communication,183.0,1.61,F
2012,2025,10,October,Uttarakhand,Rural,Miscellaneous,Transport and Communication,188.1,0.43,F
2012,2025,10,October,Uttarakhand,Urban,Miscellaneous,Transport and Communication,155.6,0.71,F
2012,2025,10,October,Uttarakhand,Combined,Miscellaneous,Transport and Communication,176.6,0.51,F
2012,2025,10,October,Uttar Pradesh,Rural,Miscellaneous,Transport and Communication,167.8,0.12,F
2012,2025,10,October,Uttar Pradesh,Urban,Miscellaneous,Transport and Communication,160.0,0.69,F
2012,2025,10,October,Uttar Pradesh,Combined,Miscellaneous,Transport and Communication,164.4,0.37,F
2012,2025,10,October,West Bengal,Rural,Miscellaneous,Transport and Communication,192.2,0.37,F
2012,2025,10,October,West Bengal,Urban,Miscellaneous,Transport and Communication,177.2,0.74,F
2012,2025,10,October,West Bengal,Combined,Miscellaneous,Transport and Communication,183.2,0.60,F
2012,2025,9,September,All India,Rural,Miscellaneous,Transport and Communication,179.6,1.93,F
2012,2025,9,September,All India,Urban,Miscellaneous,Transport and Communication,168.2,1.69,F
2012,2025,9,September,All India,Combined,Miscellaneous,Transport and Communication,173.6,1.82,F
2012,2025,9,September,Andhra Pradesh,Rural,Miscellaneous,Transport and Communication,196.0,1.92,F
2012,2025,9,September,Andhra Pradesh,Urban,Miscellaneous,Transport and Communication,175.8,0.11,F
2012,2025,9,September,Andhra Pradesh,Combined,Miscellaneous,Transport and Communication,187.9,1.24,F
2012,2025,9,September,Assam,Rural,Miscellaneous,Transport and Communication,181.8,2.42,F
2012,2025,9,September,Assam,Urban,Miscellaneous,Transport and Communication,168.2,2.44,F
2012,2025,9,September,Assam,Combined,Miscellaneous,Transport and Communication,178.2,2.41,F
2012,2025,9,September,Bihar,Rural,Miscellaneous,Transport and Communication,180.5,2.50,F
2012,2025,9,September,Bihar,Urban,Miscellaneous,Transport and Communication,174.2,3.63,F
2012,2025,9,September,Bihar,Combined,Miscellaneous,Transport and Communication,179.3,2.69,F
2012,2025,9,September,Chhattisgarh,Rural,Miscellaneous,Transport and Communication,162.0,0.93,F
2012,2025,9,September,Chhattisgarh,Urban,Miscellaneous,Transport and Communication,156.8,0.84,F
2012,2025,9,September,Chhattisgarh,Combined,Miscellaneous,Transport and Communication,159.5,0.89,F
2012,2025,9,September,Delhi,Rural,Miscellaneous,Transport and Communication,146.6,0.41,F
2012,2025,9,September,Delhi,Urban,Miscellaneous,Transport and Communication,162.8,0.74,F
2012,2025,9,September,Delhi,Combined,Miscellaneous,Transport and Communication,161.5,0.75,F
2012,2025,9,September,Gujarat,Rural,Miscellaneous,Transport and Communication,176.6,1.90,F
2012,2025,9,September,Gujarat,Urban,Miscellaneous,Transport and Communication,168.2,0.90,F
2012,2025,9,September,Gujarat,Combined,Miscellaneous,Transport and Communication,171.5,1.30,F
2012,2025,9,September,Haryana,Rural,Miscellaneous,Transport and Communication,181.7,1.17,F
2012,2025,9,September,Haryana,Urban,Miscellaneous,Transport and Communication,164.8,0.00,F
2012,2025,9,September,Haryana,Combined,Miscellaneous,Transport and Communication,172.9,0.58,F
2012,2025,9,September,Himachal Pradesh,Rural,Miscellaneous,Transport and Communication,170.9,6.28,F
2012,2025,9,September,Himachal Pradesh,Urban,Miscellaneous,Transport and Communication,160.1,3.76,F
2012,2025,9,September,Himachal Pradesh,Combined,Miscellaneous,Transport and Communication,169.0,5.89,F
2012,2025,9,September,Jammu & Kashmir,Rural,Miscellaneous,Transport and Communication,197.0,0.77,F
2012,2025,9,September,Jammu & Kashmir,Urban,Miscellaneous,Transport and Communication,174.9,0.81,F
2012,2025,9,September,Jammu & Kashmir,Combined,Miscellaneous,Transport and Communication,188.2,0.80,F
2012,2025,9,September,Jharkhand,Rural,Miscellaneous,Transport and Communication,170.3,1.55,F
2012,2025,9,September,Jharkhand,Urban,Miscellaneous,Transport and Communication,163.4,0.86,F
2012,2025,9,September,Jharkhand,Combined,Miscellaneous,Transport and Communication,167.2,1.27,F
2012,2025,9,September,Karnataka,Rural,Miscellaneous,Transport and Communication,179.5,5.77,F
2012,2025,9,September,Karnataka,Urban,Miscellaneous,Transport and Communication,167.0,3.47,F
2012,2025,9,September,Karnataka,Combined,Miscellaneous,Transport and Communication,172.2,4.49,F
2012,2025,9,September,Kerala,Rural,Miscellaneous,Transport and Communication,185.9,1.31,F
2012,2025,9,September,Kerala,Urban,Miscellaneous,Transport and Communication,172.3,0.35,F
2012,2025,9,September,Kerala,Combined,Miscellaneous,Transport and Communication,180.5,0.95,F
2012,2025,9,September,Madhya Pradesh,Rural,Miscellaneous,Transport and Communication,179.2,0.84,F
2012,2025,9,September,Madhya Pradesh,Urban,Miscellaneous,Transport and Communication,170.6,1.73,F
2012,2025,9,September,Madhya Pradesh,Combined,Miscellaneous,Transport and Communication,174.9,1.27,F
2012,2025,9,September,Maharashtra,Rural,Miscellaneous,Transport and Communication,178.1,4.03,F
2012,2025,9,September,Maharashtra,Urban,Miscellaneous,Transport and Communication,172.2,3.36,F
2012,2025,9,September,Maharashtra,Combined,Miscellaneous,Transport and Communication,174.0,3.57,F
2012,2025,9,September,Odisha,Rural,Miscellaneous,Transport and Communication,190.6,2.03,F
2012,2025,9,September,Odisha,Urban,Miscellaneous,Transport and Communication,156.6,-0.63,F
2012,2025,9,September,Odisha,Combined,Miscellaneous,Transport and Communication,177.2,1.08,F
2012,2025,9,September,Punjab,Rural,Miscellaneous,Transport and Communication,174.8,1.81,F
2012,2025,9,September,Punjab,Urban,Miscellaneous,Transport and Communication,162.6,2.52,F
2012,2025,9,September,Punjab,Combined,Miscellaneous,Transport and Communication,169.7,2.11,F
2012,2025,9,September,Rajasthan,Rural,Miscellaneous,Transport and Communication,173.2,1.17,F
2012,2025,9,September,Rajasthan,Urban,Miscellaneous,Transport and Communication,162.7,0.99,F
2012,2025,9,September,Rajasthan,Combined,Miscellaneous,Transport and Communication,168.9,1.14,F
2012,2025,9,September,Tamil Nadu,Rural,Miscellaneous,Transport and Communication,175.8,1.62,F
2012,2025,9,September,Tamil Nadu,Urban,Miscellaneous,Transport and Communication,167.5,1.52,F
2012,2025,9,September,Tamil Nadu,Combined,Miscellaneous,Transport and Communication,170.8,1.55,F
2012,2025,9,September,Telangana,Rural,Miscellaneous,Transport and Communication,199.5,1.79,F
2012,2025,9,September,Telangana,Urban,Miscellaneous,Transport and Communication,170.5,0.89,F
2012,2025,9,September,Telangana,Combined,Miscellaneous,Transport and Communication,182.4,1.33,F
2012,2025,9,September,Uttarakhand,Rural,Miscellaneous,Transport and Communication,189.6,1.72,F
2012,2025,9,September,Uttarakhand,Urban,Miscellaneous,Transport and Communication,156.1,0.90,F
2012,2025,9,September,Uttarakhand,Combined,Miscellaneous,Transport and Communication,177.7,1.43,F
2012,2025,9,September,Uttar Pradesh,Rural,Miscellaneous,Transport and Communication,168.8,0.96,F
2012,2025,9,September,Uttar Pradesh,Urban,Miscellaneous,Transport and Communication,161.0,1.19,F
2012,2025,9,September,Uttar Pradesh,Combined,Miscellaneous,Transport and Communication,165.4,1.04,F
2012,2025,9,September,West Bengal,Rural,Miscellaneous,Transport and Communication,193.0,0.84,F
2012,2025,9,September,West Bengal,Urban,Miscellaneous,Transport and Communication,178.5,1.36,F
2012,2025,9,September,West Bengal,Combined,Miscellaneous,Transport and Communication,184.3,1.15,F
2012,2025,8,August,All India,Rural,Miscellaneous,Transport and Communication,179.8,2.10,F
2012,2025,8,August,All India,Urban,Miscellaneous,Transport and Communication,168.3,1.81,F
2012,2025,8,August,All India,Combined,Miscellaneous,Transport and Communication,173.7,1.94,F
2012,2025,8,August,Andhra Pradesh,Rural,Miscellaneous,Transport and Communication,195.9,1.71,F
2012,2025,8,August,Andhra Pradesh,Urban,Miscellaneous,Transport and Communication,176.2,0.34,F
2012,2025,8,August,Andhra Pradesh,Combined,Miscellaneous,Transport and Communication,188.0,1.18,F
2012,2025,8,August,Assam,Rural,Miscellaneous,Transport and Communication,181.7,2.25,F
2012,2025,8,August,Assam,Urban,Miscellaneous,Transport and Communication,168.2,3.57,F
2012,2025,8,August,Assam,Combined,Miscellaneous,Transport and Communication,178.1,2.59,F
2012,2025,8,August,Bihar,Rural,Miscellaneous,Transport and Communication,180.4,2.50,F
2012,2025,8,August,Bihar,Urban,Miscellaneous,Transport and Communication,173.4,3.40,F
2012,2025,8,August,Bihar,Combined,Miscellaneous,Transport and Communication,179.1,2.69,F
2012,2025,8,August,Chhattisgarh,Rural,Miscellaneous,Transport and Communication,162.2,1.57,F
2012,2025,8,August,Chhattisgarh,Urban,Miscellaneous,Transport and Communication,157.2,1.48,F
2012,2025,8,August,Chhattisgarh,Combined,Miscellaneous,Transport and Communication,159.8,1.52,F
2012,2025,8,August,Delhi,Rural,Miscellaneous,Transport and Communication,146.5,0.48,F
2012,2025,8,August,Delhi,Urban,Miscellaneous,Transport and Communication,162.6,0.62,F
2012,2025,8,August,Delhi,Combined,Miscellaneous,Transport and Communication,161.3,0.62,F
2012,2025,8,August,Gujarat,Rural,Miscellaneous,Transport and Communication,176.4,1.85,F
2012,2025,8,August,Gujarat,Urban,Miscellaneous,Transport and Communication,168.3,1.20,F
2012,2025,8,August,Gujarat,Combined,Miscellaneous,Transport and Communication,171.5,1.48,F
2012,2025,8,August,Haryana,Rural,Miscellaneous,Transport and Communication,182.0,1.45,F
2012,2025,8,August,Haryana,Urban,Miscellaneous,Transport and Communication,165.0,0.18,F
2012,2025,8,August,Haryana,Combined,Miscellaneous,Transport and Communication,173.1,0.82,F
2012,2025,8,August,Himachal Pradesh,Rural,Miscellaneous,Transport and Communication,170.9,6.22,F
2012,2025,8,August,Himachal Pradesh,Urban,Miscellaneous,Transport and Communication,160.8,4.62,F
2012,2025,8,August,Himachal Pradesh,Combined,Miscellaneous,Transport and Communication,169.1,5.95,F
2012,2025,8,August,Jammu & Kashmir,Rural,Miscellaneous,Transport and Communication,195.6,0.41,F
2012,2025,8,August,Jammu & Kashmir,Urban,Miscellaneous,Transport and Communication,174.9,0.98,F
2012,2025,8,August,Jammu & Kashmir,Combined,Miscellaneous,Transport and Communication,187.3,0.59,F
2012,2025,8,August,Jharkhand,Rural,Miscellaneous,Transport and Communication,170.2,1.01,F
2012,2025,8,August,Jharkhand,Urban,Miscellaneous,Transport and Communication,163.6,0.99,F
2012,2025,8,August,Jharkhand,Combined,Miscellaneous,Transport and Communication,167.2,1.03,F
2012,2025,8,August,Karnataka,Rural,Miscellaneous,Transport and Communication,179.9,6.26,F
2012,2025,8,August,Karnataka,Urban,Miscellaneous,Transport and Communication,167.4,3.21,F
2012,2025,8,August,Karnataka,Combined,Miscellaneous,Transport and Communication,172.6,4.54,F
2012,2025,8,August,Kerala,Rural,Miscellaneous,Transport and Communication,187.4,2.29,F
2012,2025,8,August,Kerala,Urban,Miscellaneous,Transport and Communication,174.3,1.40,F
2012,2025,8,August,Kerala,Combined,Miscellaneous,Transport and Communication,182.2,1.96,F
2012,2025,8,August,Madhya Pradesh,Rural,Miscellaneous,Transport and Communication,179.4,1.01,F
2012,2025,8,August,Madhya Pradesh,Urban,Miscellaneous,Transport and Communication,170.9,2.40,F
2012,2025,8,August,Madhya Pradesh,Combined,Miscellaneous,Transport and Communication,175.2,1.68,F
2012,2025,8,August,Maharashtra,Rural,Miscellaneous,Transport and Communication,178.1,4.09,F
2012,2025,8,August,Maharashtra,Urban,Miscellaneous,Transport and Communication,171.6,2.82,F
2012,2025,8,August,Maharashtra,Combined,Miscellaneous,Transport and Communication,173.5,3.15,F
2012,2025,8,August,Odisha,Rural,Miscellaneous,Transport and Communication,190.0,2.10,F
2012,2025,8,August,Odisha,Urban,Miscellaneous,Transport and Communication,157.0,0.19,F
2012,2025,8,August,Odisha,Combined,Miscellaneous,Transport and Communication,177.0,1.43,F
2012,2025,8,August,Punjab,Rural,Miscellaneous,Transport and Communication,176.6,3.46,F
2012,2025,8,August,Punjab,Urban,Miscellaneous,Transport and Communication,162.6,2.91,F
2012,2025,8,August,Punjab,Combined,Miscellaneous,Transport and Communication,170.7,3.27,F
2012,2025,8,August,Rajasthan,Rural,Miscellaneous,Transport and Communication,173.2,1.17,F
2012,2025,8,August,Rajasthan,Urban,Miscellaneous,Transport and Communication,162.8,1.12,F
2012,2025,8,August,Rajasthan,Combined,Miscellaneous,Transport and Communication,168.9,1.14,F
2012,2025,8,August,Tamil Nadu,Rural,Miscellaneous,Transport and Communication,174.6,1.04,F
2012,2025,8,August,Tamil Nadu,Urban,Miscellaneous,Transport and Communication,167.2,1.46,F
2012,2025,8,August,Tamil Nadu,Combined,Miscellaneous,Transport and Communication,170.2,1.31,F
2012,2025,8,August,Telangana,Rural,Miscellaneous,Transport and Communication,199.8,2.36,F
2012,2025,8,August,Telangana,Urban,Miscellaneous,Transport and Communication,170.0,0.77,F
2012,2025,8,August,Telangana,Combined,Miscellaneous,Transport and Communication,182.2,1.50,F
2012,2025,8,August,Uttarakhand,Rural,Miscellaneous,Transport and Communication,190.2,1.60,F
2012,2025,8,August,Uttarakhand,Urban,Miscellaneous,Transport and Communication,156.0,1.69,F
2012,2025,8,August,Uttarakhand,Combined,Miscellaneous,Transport and Communication,178.1,1.66,F
2012,2025,8,August,Uttar Pradesh,Rural,Miscellaneous,Transport and Communication,168.7,0.78,F
2012,2025,8,August,Uttar Pradesh,Urban,Miscellaneous,Transport and Communication,161.2,1.45,F
2012,2025,8,August,Uttar Pradesh,Combined,Miscellaneous,Transport and Communication,165.5,1.10,F
2012,2025,8,August,West Bengal,Rural,Miscellaneous,Transport and Communication,193.1,0.89,F
2012,2025,8,August,West Bengal,Urban,Miscellaneous,Transport and Communication,178.7,1.59,F
2012,2025,8,August,West Bengal,Combined,Miscellaneous,Transport and Communication,184.5,1.32,F
2012,2025,7,July,All India,Rural,Miscellaneous,Transport and Communication,179.4,2.22,F
2012,2025,7,July,All India,Urban,Miscellaneous,Transport and Communication,168.1,2.00,F
2012,2025,7,July,All India,Combined,Miscellaneous,Transport and Communication,173.5,2.12,F
2012,2025,7,July,Andhra Pradesh,Rural,Miscellaneous,Transport and Communication,195.4,1.66,F
2012,2025,7,July,Andhra Pradesh,Urban,Miscellaneous,Transport and Communication,176.3,-0.06,F
2012,2025,7,July,Andhra Pradesh,Combined,Miscellaneous,Transport and Communication,187.7,0.97,F
2012,2025,7,July,Assam,Rural,Miscellaneous,Transport and Communication,181.7,2.77,F
2012,2025,7,July,Assam,Urban,Miscellaneous,Transport and Communication,168.0,3.96,F
2012,2025,7,July,Assam,Combined,Miscellaneous,Transport and Communication,178.1,3.07,F
2012,2025,7,July,Bihar,Rural,Miscellaneous,Transport and Communication,179.2,2.46,F
2012,2025,7,July,Bihar,Urban,Miscellaneous,Transport and Communication,172.1,2.81,F
2012,2025,7,July,Bihar,Combined,Miscellaneous,Transport and Communication,177.9,2.54,F
2012,2025,7,July,Chhattisgarh,Rural,Miscellaneous,Transport and Communication,161.9,2.40,F
2012,2025,7,July,Chhattisgarh,Urban,Miscellaneous,Transport and Communication,156.8,2.15,F
2012,2025,7,July,Chhattisgarh,Combined,Miscellaneous,Transport and Communication,159.5,2.31,F
2012,2025,7,July,Delhi,Rural,Miscellaneous,Transport and Communication,146.4,0.48,F
2012,2025,7,July,Delhi,Urban,Miscellaneous,Transport and Communication,162.5,0.62,F
2012,2025,7,July,Delhi,Combined,Miscellaneous,Transport and Communication,161.2,0.62,F
2012,2025,7,July,Gujarat,Rural,Miscellaneous,Transport and Communication,176.3,1.85,F
2012,2025,7,July,Gujarat,Urban,Miscellaneous,Transport and Communication,168.1,1.63,F
2012,2025,7,July,Gujarat,Combined,Miscellaneous,Transport and Communication,171.3,1.72,F
2012,2025,7,July,Haryana,Rural,Miscellaneous,Transport and Communication,181.9,1.56,F
2012,2025,7,July,Haryana,Urban,Miscellaneous,Transport and Communication,165.0,0.18,F
2012,2025,7,July,Haryana,Combined,Miscellaneous,Transport and Communication,173.1,0.87,F
2012,2025,7,July,Himachal Pradesh,Rural,Miscellaneous,Transport and Communication,170.8,6.82,F
2012,2025,7,July,Himachal Pradesh,Urban,Miscellaneous,Transport and Communication,160.8,4.48,F
2012,2025,7,July,Himachal Pradesh,Combined,Miscellaneous,Transport and Communication,169.0,6.42,F
2012,2025,7,July,Jammu & Kashmir,Rural,Miscellaneous,Transport and Communication,195.6,0.82,F
2012,2025,7,July,Jammu & Kashmir,Urban,Miscellaneous,Transport and Communication,174.9,1.22,F
2012,2025,7,July,Jammu & Kashmir,Combined,Miscellaneous,Transport and Communication,187.3,0.97,F
2012,2025,7,July,Jharkhand,Rural,Miscellaneous,Transport and Communication,169.7,0.12,F
2012,2025,7,July,Jharkhand,Urban,Miscellaneous,Transport and Communication,163.3,1.05,F
2012,2025,7,July,Jharkhand,Combined,Miscellaneous,Transport and Communication,166.8,0.54,F
2012,2025,7,July,Karnataka,Rural,Miscellaneous,Transport and Communication,179.7,6.14,F
2012,2025,7,July,Karnataka,Urban,Miscellaneous,Transport and Communication,167.7,3.71,F
2012,2025,7,July,Karnataka,Combined,Miscellaneous,Transport and Communication,172.7,4.79,F
2012,2025,7,July,Kerala,Rural,Miscellaneous,Transport and Communication,187.1,2.13,F
2012,2025,7,July,Kerala,Urban,Miscellaneous,Transport and Communication,174.0,1.58,F
2012,2025,7,July,Kerala,Combined,Miscellaneous,Transport and Communication,181.9,1.90,F
2012,2025,7,July,Madhya Pradesh,Rural,Miscellaneous,Transport and Communication,179.5,1.41,F
2012,2025,7,July,Madhya Pradesh,Urban,Miscellaneous,Transport and Communication,170.7,2.77,F
2012,2025,7,July,Madhya Pradesh,Combined,Miscellaneous,Transport and Communication,175.1,2.04,F
2012,2025,7,July,Maharashtra,Rural,Miscellaneous,Transport and Communication,177.8,4.16,F
2012,2025,7,July,Maharashtra,Urban,Miscellaneous,Transport and Communication,171.4,3.13,F
2012,2025,7,July,Maharashtra,Combined,Miscellaneous,Transport and Communication,173.3,3.46,F
2012,2025,7,July,Odisha,Rural,Miscellaneous,Transport and Communication,189.8,2.43,F
2012,2025,7,July,Odisha,Urban,Miscellaneous,Transport and Communication,157.2,0.58,F
2012,2025,7,July,Odisha,Combined,Miscellaneous,Transport and Communication,176.9,1.78,F
2012,2025,7,July,Punjab,Rural,Miscellaneous,Transport and Communication,176.0,3.59,F
2012,2025,7,July,Punjab,Urban,Miscellaneous,Transport and Communication,162.1,3.12,F
2012,2025,7,July,Punjab,Combined,Miscellaneous,Transport and Communication,170.1,3.40,F
2012,2025,7,July,Rajasthan,Rural,Miscellaneous,Transport and Communication,172.4,1.00,F
2012,2025,7,July,Rajasthan,Urban,Miscellaneous,Transport and Communication,162.4,1.25,F
2012,2025,7,July,Rajasthan,Combined,Miscellaneous,Transport and Communication,168.3,1.08,F
2012,2025,7,July,Tamil Nadu,Rural,Miscellaneous,Transport and Communication,174.1,0.93,F
2012,2025,7,July,Tamil Nadu,Urban,Miscellaneous,Transport and Communication,166.8,1.52,F
2012,2025,7,July,Tamil Nadu,Combined,Miscellaneous,Transport and Communication,169.7,1.25,F
2012,2025,7,July,Telangana,Rural,Miscellaneous,Transport and Communication,199.8,3.85,F
2012,2025,7,July,Telangana,Urban,Miscellaneous,Transport and Communication,169.9,1.37,F
2012,2025,7,July,Telangana,Combined,Miscellaneous,Transport and Communication,182.1,2.48,F
2012,2025,7,July,Uttarakhand,Rural,Miscellaneous,Transport and Communication,187.8,1.02,F
2012,2025,7,July,Uttarakhand,Urban,Miscellaneous,Transport and Communication,156.1,1.96,F
2012,2025,7,July,Uttarakhand,Combined,Miscellaneous,Transport and Communication,176.6,1.32,F
2012,2025,7,July,Uttar Pradesh,Rural,Miscellaneous,Transport and Communication,168.1,0.78,F
2012,2025,7,July,Uttar Pradesh,Urban,Miscellaneous,Transport and Communication,160.8,1.45,F
2012,2025,7,July,Uttar Pradesh,Combined,Miscellaneous,Transport and Communication,165.0,1.10,F
2012,2025,7,July,West Bengal,Rural,Miscellaneous,Transport and Communication,192.9,1.15,F
2012,2025,7,July,West Bengal,Urban,Miscellaneous,Transport and Communication,178.5,1.71,F
2012,2025,7,July,West Bengal,Combined,Miscellaneous,Transport and Communication,184.3,1.49,F
2012,2025,6,June,All India,Rural,Miscellaneous,Transport and Communication,179.0,4.07,F
2012,2025,6,June,All India,Urban,Miscellaneous,Transport and Communication,167.9,3.71,F
2012,2025,6,June,All India,Combined,Miscellaneous,Transport and Communication,173.2,3.90,F
2012,2025,6,June,Andhra Pradesh,Rural,Miscellaneous,Transport and Communication,194.1,1.78,F
2012,2025,6,June,Andhra Pradesh,Urban,Miscellaneous,Transport and Communication,176.5,0.68,F
2012,2025,6,June,Andhra Pradesh,Combined,Miscellaneous,Transport and Communication,187.0,1.36,F
2012,2025,6,June,Assam,Rural,Miscellaneous,Transport and Communication,181.5,5.77,F
2012,2025,6,June,Assam,Urban,Miscellaneous,Transport and Communication,167.7,5.87,F
2012,2025,6,June,Assam,Combined,Miscellaneous,Transport and Communication,177.8,5.77,F
2012,2025,6,June,Bihar,Rural,Miscellaneous,Transport and Communication,177.9,4.71,F
2012,2025,6,June,Bihar,Urban,Miscellaneous,Transport and Communication,170.9,4.14,F
2012,2025,6,June,Bihar,Combined,Miscellaneous,Transport and Communication,176.6,4.62,F
2012,2025,6,June,Chhattisgarh,Rural,Miscellaneous,Transport and Communication,161.9,4.12,F
2012,2025,6,June,Chhattisgarh,Urban,Miscellaneous,Transport and Communication,156.5,2.76,F
2012,2025,6,June,Chhattisgarh,Combined,Miscellaneous,Transport and Communication,159.4,3.51,F
2012,2025,6,June,Delhi,Rural,Miscellaneous,Transport and Communication,146.4,3.54,F
2012,2025,6,June,Delhi,Urban,Miscellaneous,Transport and Communication,162.3,2.59,F
2012,2025,6,June,Delhi,Combined,Miscellaneous,Transport and Communication,161.0,2.68,F
2012,2025,6,June,Gujarat,Rural,Miscellaneous,Transport and Communication,175.9,5.52,F
2012,2025,6,June,Gujarat,Urban,Miscellaneous,Transport and Communication,168.1,5.46,F
2012,2025,6,June,Gujarat,Combined,Miscellaneous,Transport and Communication,171.2,5.48,F
2012,2025,6,June,Haryana,Rural,Miscellaneous,Transport and Communication,181.3,3.90,F
2012,2025,6,June,Haryana,Urban,Miscellaneous,Transport and Communication,164.9,2.49,F
2012,2025,6,June,Haryana,Combined,Miscellaneous,Transport and Communication,172.7,3.17,F
2012,2025,6,June,Himachal Pradesh,Rural,Miscellaneous,Transport and Communication,168.9,7.24,F
2012,2025,6,June,Himachal Pradesh,Urban,Miscellaneous,Transport and Communication,159.9,5.20,F
2012,2025,6,June,Himachal Pradesh,Combined,Miscellaneous,Transport and Communication,167.3,6.90,F
2012,2025,6,June,Jammu & Kashmir,Rural,Miscellaneous,Transport and Communication,195.7,2.68,F
2012,2025,6,June,Jammu & Kashmir,Urban,Miscellaneous,Transport and Communication,174.7,2.16,F
2012,2025,6,June,Jammu & Kashmir,Combined,Miscellaneous,Transport and Communication,187.3,2.46,F
2012,2025,6,June,Jharkhand,Rural,Miscellaneous,Transport and Communication,169.5,0.18,F
2012,2025,6,June,Jharkhand,Urban,Miscellaneous,Transport and Communication,163.2,0.80,F
2012,2025,6,June,Jharkhand,Combined,Miscellaneous,Transport and Communication,166.6,0.42,F
2012,2025,6,June,Karnataka,Rural,Miscellaneous,Transport and Communication,179.7,7.35,F
2012,2025,6,June,Karnataka,Urban,Miscellaneous,Transport and Communication,167.5,5.41,F
2012,2025,6,June,Karnataka,Combined,Miscellaneous,Transport and Communication,172.5,6.22,F
2012,2025,6,June,Kerala,Rural,Miscellaneous,Transport and Communication,186.3,2.64,F
2012,2025,6,June,Kerala,Urban,Miscellaneous,Transport and Communication,173.8,1.64,F
2012,2025,6,June,Kerala,Combined,Miscellaneous,Transport and Communication,181.4,2.25,F
2012,2025,6,June,Madhya Pradesh,Rural,Miscellaneous,Transport and Communication,179.5,4.30,F
2012,2025,6,June,Madhya Pradesh,Urban,Miscellaneous,Transport and Communication,170.5,4.22,F
2012,2025,6,June,Madhya Pradesh,Combined,Miscellaneous,Transport and Communication,175.0,4.23,F
2012,2025,6,June,Maharashtra,Rural,Miscellaneous,Transport and Communication,177.4,5.66,F
2012,2025,6,June,Maharashtra,Urban,Miscellaneous,Transport and Communication,171.0,5.56,F
2012,2025,6,June,Maharashtra,Combined,Miscellaneous,Transport and Communication,172.9,5.56,F
2012,2025,6,June,Odisha,Rural,Miscellaneous,Transport and Communication,189.8,6.03,F
2012,2025,6,June,Odisha,Urban,Miscellaneous,Transport and Communication,157.3,1.75,F
2012,2025,6,June,Odisha,Combined,Miscellaneous,Transport and Communication,177.0,4.49,F
2012,2025,6,June,Punjab,Rural,Miscellaneous,Transport and Communication,176.4,5.44,F
2012,2025,6,June,Punjab,Urban,Miscellaneous,Transport and Communication,162.2,4.58,F
2012,2025,6,June,Punjab,Combined,Miscellaneous,Transport and Communication,170.4,5.06,F
2012,2025,6,June,Rajasthan,Rural,Miscellaneous,Transport and Communication,172.3,3.36,F
2012,2025,6,June,Rajasthan,Urban,Miscellaneous,Transport and Communication,162.0,2.21,F
2012,2025,6,June,Rajasthan,Combined,Miscellaneous,Transport and Communication,168.1,2.94,F
2012,2025,6,June,Tamil Nadu,Rural,Miscellaneous,Transport and Communication,174.1,2.77,F
2012,2025,6,June,Tamil Nadu,Urban,Miscellaneous,Transport and Communication,166.7,3.28,F
2012,2025,6,June,Tamil Nadu,Combined,Miscellaneous,Transport and Communication,169.7,3.10,F
2012,2025,6,June,Telangana,Rural,Miscellaneous,Transport and Communication,198.8,6.77,F
2012,2025,6,June,Telangana,Urban,Miscellaneous,Transport and Communication,169.8,2.72,F
2012,2025,6,June,Telangana,Combined,Miscellaneous,Transport and Communication,181.7,4.55,F
2012,2025,6,June,Uttarakhand,Rural,Miscellaneous,Transport and Communication,185.9,2.82,F
2012,2025,6,June,Uttarakhand,Urban,Miscellaneous,Transport and Communication,156.0,4.91,F
2012,2025,6,June,Uttarakhand,Combined,Miscellaneous,Transport and Communication,175.3,3.48,F
2012,2025,6,June,Uttar Pradesh,Rural,Miscellaneous,Transport and Communication,168.0,2.69,F
2012,2025,6,June,Uttar Pradesh,Urban,Miscellaneous,Transport and Communication,160.9,2.35,F
2012,2025,6,June,Uttar Pradesh,Combined,Miscellaneous,Transport and Communication,164.9,2.55,F
2012,2025,6,June,West Bengal,Rural,Miscellaneous,Transport and Communication,192.7,3.77,F
2012,2025,6,June,West Bengal,Urban,Miscellaneous,Transport and Communication,177.9,3.31,F
2012,2025,6,June,West Bengal,Combined,Miscellaneous,Transport and Communication,183.8,3.49,F
2012,2025,5,May,All India,Rural,Miscellaneous,Transport and Communication,178.7,4.02,F
2012,2025,5,May,All India,Urban,Miscellaneous,Transport and Communication,167.4,3.65,F
2012,2025,5,May,All India,Combined,Miscellaneous,Transport and Communication,172.8,3.85,F
2012,2025,5,May,Andhra Pradesh,Rural,Miscellaneous,Transport and Communication,193.2,1.58,F
2012,2025,5,May,Andhra Pradesh,Urban,Miscellaneous,Transport and Communication,176.0,0.46,F
2012,2025,5,May,Andhra Pradesh,Combined,Miscellaneous,Transport and Communication,186.3,1.14,F
2012,2025,5,May,Assam,Rural,Miscellaneous,Transport and Communication,180.2,5.50,F
2012,2025,5,May,Assam,Urban,Miscellaneous,Transport and Communication,167.4,6.15,F
2012,2025,5,May,Assam,Combined,Miscellaneous,Transport and Communication,176.8,5.68,F
2012,2025,5,May,Bihar,Rural,Miscellaneous,Transport and Communication,177.9,4.65,F
2012,2025,5,May,Bihar,Urban,Miscellaneous,Transport and Communication,171.6,5.08,F
2012,2025,5,May,Bihar,Combined,Miscellaneous,Transport and Communication,176.7,4.74,F
2012,2025,5,May,Chhattisgarh,Rural,Miscellaneous,Transport and Communication,161.6,3.99,F
2012,2025,5,May,Chhattisgarh,Urban,Miscellaneous,Transport and Communication,156.0,2.30,F
2012,2025,5,May,Chhattisgarh,Combined,Miscellaneous,Transport and Communication,159.0,3.25,F
2012,2025,5,May,Delhi,Rural,Miscellaneous,Transport and Communication,146.4,3.54,F
2012,2025,5,May,Delhi,Urban,Miscellaneous,Transport and Communication,162.3,2.59,F
2012,2025,5,May,Delhi,Combined,Miscellaneous,Transport and Communication,161.0,2.68,F
2012,2025,5,May,Gujarat,Rural,Miscellaneous,Transport and Communication,175.8,5.59,F
2012,2025,5,May,Gujarat,Urban,Miscellaneous,Transport and Communication,168.1,5.59,F
2012,2025,5,May,Gujarat,Combined,Miscellaneous,Transport and Communication,171.1,5.55,F
2012,2025,5,May,Haryana,Rural,Miscellaneous,Transport and Communication,181.0,3.84,F
2012,2025,5,May,Haryana,Urban,Miscellaneous,Transport and Communication,164.8,2.49,F
2012,2025,5,May,Haryana,Combined,Miscellaneous,Transport and Communication,172.5,3.11,F
2012,2025,5,May,Himachal Pradesh,Rural,Miscellaneous,Transport and Communication,166.1,5.66,F
2012,2025,5,May,Himachal Pradesh,Urban,Miscellaneous,Transport and Communication,156.4,2.96,F
2012,2025,5,May,Himachal Pradesh,Combined,Miscellaneous,Transport and Communication,164.4,5.25,F
2012,2025,5,May,Jammu & Kashmir,Rural,Miscellaneous,Transport and Communication,195.6,2.62,F
2012,2025,5,May,Jammu & Kashmir,Urban,Miscellaneous,Transport and Communication,174.3,2.47,F
2012,2025,5,May,Jammu & Kashmir,Combined,Miscellaneous,Transport and Communication,187.1,2.58,F
2012,2025,5,May,Jharkhand,Rural,Miscellaneous,Transport and Communication,168.6,-0.18,F
2012,2025,5,May,Jharkhand,Urban,Miscellaneous,Transport and Communication,163.0,1.24,F
2012,2025,5,May,Jharkhand,Combined,Miscellaneous,Transport and Communication,166.1,0.48,F
2012,2025,5,May,Karnataka,Rural,Miscellaneous,Transport and Communication,179.4,7.75,F
2012,2025,5,May,Karnataka,Urban,Miscellaneous,Transport and Communication,166.7,5.51,F
2012,2025,5,May,Karnataka,Combined,Miscellaneous,Transport and Communication,171.9,6.44,F
2012,2025,5,May,Kerala,Rural,Miscellaneous,Transport and Communication,185.4,2.04,F
2012,2025,5,May,Kerala,Urban,Miscellaneous,Transport and Communication,173.5,2.00,F
2012,2025,5,May,Kerala,Combined,Miscellaneous,Transport and Communication,180.7,2.03,F
2012,2025,5,May,Madhya Pradesh,Rural,Miscellaneous,Transport and Communication,179.7,4.48,F
2012,2025,5,May,Madhya Pradesh,Urban,Miscellaneous,Transport and Communication,170.6,4.28,F
2012,2025,5,May,Madhya Pradesh,Combined,Miscellaneous,Transport and Communication,175.2,4.41,F
2012,2025,5,May,Maharashtra,Rural,Miscellaneous,Transport and Communication,177.0,5.42,F
2012,2025,5,May,Maharashtra,Urban,Miscellaneous,Transport and Communication,170.1,5.33,F
2012,2025,5,May,Maharashtra,Combined,Miscellaneous,Transport and Communication,172.2,5.39,F
2012,2025,5,May,Odisha,Rural,Miscellaneous,Transport and Communication,190.4,6.31,F
2012,2025,5,May,Odisha,Urban,Miscellaneous,Transport and Communication,157.4,1.94,F
2012,2025,5,May,Odisha,Combined,Miscellaneous,Transport and Communication,177.4,4.78,F
2012,2025,5,May,Punjab,Rural,Miscellaneous,Transport and Communication,176.1,5.32,F
2012,2025,5,May,Punjab,Urban,Miscellaneous,Transport and Communication,161.6,4.26,F
2012,2025,5,May,Punjab,Combined,Miscellaneous,Transport and Communication,170.0,4.87,F
2012,2025,5,May,Rajasthan,Rural,Miscellaneous,Transport and Communication,172.3,3.36,F
2012,2025,5,May,Rajasthan,Urban,Miscellaneous,Transport and Communication,162.0,2.99,F
2012,2025,5,May,Rajasthan,Combined,Miscellaneous,Transport and Communication,168.1,3.26,F
2012,2025,5,May,Tamil Nadu,Rural,Miscellaneous,Transport and Communication,173.7,2.66,F
2012,2025,5,May,Tamil Nadu,Urban,Miscellaneous,Transport and Communication,165.8,2.98,F
2012,2025,5,May,Tamil Nadu,Combined,Miscellaneous,Transport and Communication,169.0,2.86,F
2012,2025,5,May,Telangana,Rural,Miscellaneous,Transport and Communication,198.3,7.02,F
2012,2025,5,May,Telangana,Urban,Miscellaneous,Transport and Communication,169.8,2.97,F
2012,2025,5,May,Telangana,Combined,Miscellaneous,Transport and Communication,181.5,4.79,F
2012,2025,5,May,Uttarakhand,Rural,Miscellaneous,Transport and Communication,187.4,3.59,F
2012,2025,5,May,Uttarakhand,Urban,Miscellaneous,Transport and Communication,155.9,4.91,F
2012,2025,5,May,Uttarakhand,Combined,Miscellaneous,Transport and Communication,176.2,3.95,F
2012,2025,5,May,Uttar Pradesh,Rural,Miscellaneous,Transport and Communication,168.0,2.75,F
2012,2025,5,May,Uttar Pradesh,Urban,Miscellaneous,Transport and Communication,160.6,2.29,F
2012,2025,5,May,Uttar Pradesh,Combined,Miscellaneous,Transport and Communication,164.8,2.55,F
2012,2025,5,May,West Bengal,Rural,Miscellaneous,Transport and Communication,192.6,4.05,F
2012,2025,5,May,West Bengal,Urban,Miscellaneous,Transport and Communication,177.4,3.08,F
2012,2025,5,May,West Bengal,Combined,Miscellaneous,Transport and Communication,183.5,3.50,F
2012,2025,4,April,All India,Rural,Miscellaneous,Transport and Communication,178.3,3.78,F
2012,2025,4,April,All India,Urban,Miscellaneous,Transport and Communication,167.1,3.53,F
2012,2025,4,April,All India,Combined,Miscellaneous,Transport and Communication,172.4,3.67,F
2012,2025,4,April,Andhra Pradesh,Rural,Miscellaneous,Transport and Communication,192.6,1.05,F
2012,2025,4,April,Andhra Pradesh,Urban,Miscellaneous,Transport and Communication,175.7,0.51,F
2012,2025,4,April,Andhra Pradesh,Combined,Miscellaneous,Transport and Communication,185.8,0.81,F
2012,2025,4,April,Assam,Rural,Miscellaneous,Transport and Communication,180.1,5.51,F
2012,2025,4,April,Assam,Urban,Miscellaneous,Transport and Communication,166.4,6.05,F
2012,2025,4,April,Assam,Combined,Miscellaneous,Transport and Communication,176.5,5.69,F
2012,2025,4,April,Bihar,Rural,Miscellaneous,Transport and Communication,177.5,4.17,F
2012,2025,4,April,Bihar,Urban,Miscellaneous,Transport and Communication,171.0,4.91,F
2012,2025,4,April,Bihar,Combined,Miscellaneous,Transport and Communication,176.3,4.32,F
2012,2025,4,April,Chhattisgarh,Rural,Miscellaneous,Transport and Communication,161.8,4.12,F
2012,2025,4,April,Chhattisgarh,Urban,Miscellaneous,Transport and Communication,155.9,2.16,F
2012,2025,4,April,Chhattisgarh,Combined,Miscellaneous,Transport and Communication,159.0,3.18,F
2012,2025,4,April,Delhi,Rural,Miscellaneous,Transport and Communication,146.3,3.47,F
2012,2025,4,April,Delhi,Urban,Miscellaneous,Transport and Communication,162.2,2.53,F
2012,2025,4,April,Delhi,Combined,Miscellaneous,Transport and Communication,160.9,2.61,F
2012,2025,4,April,Gujarat,Rural,Miscellaneous,Transport and Communication,175.6,5.34,F
2012,2025,4,April,Gujarat,Urban,Miscellaneous,Transport and Communication,167.7,5.41,F
2012,2025,4,April,Gujarat,Combined,Miscellaneous,Transport and Communication,170.8,5.37,F
2012,2025,4,April,Haryana,Rural,Miscellaneous,Transport and Communication,180.9,3.85,F
2012,2025,4,April,Haryana,Urban,Miscellaneous,Transport and Communication,164.9,2.68,F
2012,2025,4,April,Haryana,Combined,Miscellaneous,Transport and Communication,172.6,3.29,F
2012,2025,4,April,Himachal Pradesh,Rural,Miscellaneous,Transport and Communication,162.6,3.50,F
2012,2025,4,April,Himachal Pradesh,Urban,Miscellaneous,Transport and Communication,155.4,2.37,F
2012,2025,4,April,Himachal Pradesh,Combined,Miscellaneous,Transport and Communication,161.3,3.33,F
2012,2025,4,April,Jammu & Kashmir,Rural,Miscellaneous,Transport and Communication,195.4,1.77,F
2012,2025,4,April,Jammu & Kashmir,Urban,Miscellaneous,Transport and Communication,173.8,1.88,F
2012,2025,4,April,Jammu & Kashmir,Combined,Miscellaneous,Transport and Communication,186.8,1.85,F
2012,2025,4,April,Jharkhand,Rural,Miscellaneous,Transport and Communication,168.4,-0.18,F
2012,2025,4,April,Jharkhand,Urban,Miscellaneous,Transport and Communication,162.8,1.37,F
2012,2025,4,April,Jharkhand,Combined,Miscellaneous,Transport and Communication,165.9,0.55,F
2012,2025,4,April,Karnataka,Rural,Miscellaneous,Transport and Communication,178.8,7.32,F
2012,2025,4,April,Karnataka,Urban,Miscellaneous,Transport and Communication,167.0,5.70,F
2012,2025,4,April,Karnataka,Combined,Miscellaneous,Transport and Communication,171.9,6.37,F
2012,2025,4,April,Kerala,Rural,Miscellaneous,Transport and Communication,185.1,2.21,F
2012,2025,4,April,Kerala,Urban,Miscellaneous,Transport and Communication,172.6,1.41,F
2012,2025,4,April,Kerala,Combined,Miscellaneous,Transport and Communication,180.2,1.92,F
2012,2025,4,April,Madhya Pradesh,Rural,Miscellaneous,Transport and Communication,179.4,4.36,F
2012,2025,4,April,Madhya Pradesh,Urban,Miscellaneous,Transport and Communication,169.9,4.30,F
2012,2025,4,April,Madhya Pradesh,Combined,Miscellaneous,Transport and Communication,174.7,4.36,F
2012,2025,4,April,Maharashtra,Rural,Miscellaneous,Transport and Communication,176.5,5.06,F
2012,2025,4,April,Maharashtra,Urban,Miscellaneous,Transport and Communication,169.8,5.27,F
2012,2025,4,April,Maharashtra,Combined,Miscellaneous,Transport and Communication,171.8,5.21,F
2012,2025,4,April,Odisha,Rural,Miscellaneous,Transport and Communication,190.1,6.32,F
2012,2025,4,April,Odisha,Urban,Miscellaneous,Transport and Communication,157.2,2.01,F
2012,2025,4,April,Odisha,Combined,Miscellaneous,Transport and Communication,177.1,4.79,F
2012,2025,4,April,Punjab,Rural,Miscellaneous,Transport and Communication,175.6,5.15,F
2012,2025,4,April,Punjab,Urban,Miscellaneous,Transport and Communication,160.8,3.81,F
2012,2025,4,April,Punjab,Combined,Miscellaneous,Transport and Communication,169.4,4.63,F
2012,2025,4,April,Rajasthan,Rural,Miscellaneous,Transport and Communication,172.3,2.68,F
2012,2025,4,April,Rajasthan,Urban,Miscellaneous,Transport and Communication,162.1,2.92,F
2012,2025,4,April,Rajasthan,Combined,Miscellaneous,Transport and Communication,168.1,2.75,F
2012,2025,4,April,Tamil Nadu,Rural,Miscellaneous,Transport and Communication,173.4,2.54,F
2012,2025,4,April,Tamil Nadu,Urban,Miscellaneous,Transport and Communication,165.7,2.98,F
2012,2025,4,April,Tamil Nadu,Combined,Miscellaneous,Transport and Communication,168.8,2.80,F
2012,2025,4,April,Telangana,Rural,Miscellaneous,Transport and Communication,197.5,6.87,F
2012,2025,4,April,Telangana,Urban,Miscellaneous,Transport and Communication,169.6,3.10,F
2012,2025,4,April,Telangana,Combined,Miscellaneous,Transport and Communication,181.0,4.75,F
2012,2025,4,April,Uttarakhand,Rural,Miscellaneous,Transport and Communication,187.2,3.77,F
2012,2025,4,April,Uttarakhand,Urban,Miscellaneous,Transport and Communication,155.9,5.20,F
2012,2025,4,April,Uttarakhand,Combined,Miscellaneous,Transport and Communication,176.1,4.20,F
2012,2025,4,April,Uttar Pradesh,Rural,Miscellaneous,Transport and Communication,167.9,2.75,F
2012,2025,4,April,Uttar Pradesh,Urban,Miscellaneous,Transport and Communication,160.3,1.84,F
2012,2025,4,April,Uttar Pradesh,Combined,Miscellaneous,Transport and Communication,164.6,2.36,F
2012,2025,4,April,West Bengal,Rural,Miscellaneous,Transport and Communication,192.4,4.11,F
2012,2025,4,April,West Bengal,Urban,Miscellaneous,Transport and Communication,176.4,2.50,F
2012,2025,4,April,West Bengal,Combined,Miscellaneous,Transport and Communication,182.8,3.16,F
2012,2025,3,March,All India,Rural,Miscellaneous,Transport and Communication,178.1,3.55,F
2012,2025,3,March,All India,Urban,Miscellaneous,Transport and Communication,167.0,3.15,F
2012,2025,3,March,All India,Combined,Miscellaneous,Transport and Communication,172.3,3.36,F
2012,2025,3,March,Andhra Pradesh,Rural,Miscellaneous,Transport and Communication,192.9,1.10,F
2012,2025,3,March,Andhra Pradesh,Urban,Miscellaneous,Transport and Communication,175.2,-0.06,F
2012,2025,3,March,Andhra Pradesh,Combined,Miscellaneous,Transport and Communication,185.8,0.65,F
2012,2025,3,March,Assam,Rural,Miscellaneous,Transport and Communication,180.2,5.63,F
2012,2025,3,March,Assam,Urban,Miscellaneous,Transport and Communication,166.0,5.87,F
2012,2025,3,March,Assam,Combined,Miscellaneous,Transport and Communication,176.4,5.69,F
2012,2025,3,March,Bihar,Rural,Miscellaneous,Transport and Communication,177.4,3.68,F
2012,2025,3,March,Bihar,Urban,Miscellaneous,Transport and Communication,171.0,4.97,F
2012,2025,3,March,Bihar,Combined,Miscellaneous,Transport and Communication,176.2,3.89,F
2012,2025,3,March,Chhattisgarh,Rural,Miscellaneous,Transport and Communication,162.0,4.05,F
2012,2025,3,March,Chhattisgarh,Urban,Miscellaneous,Transport and Communication,156.0,1.50,F
2012,2025,3,March,Chhattisgarh,Combined,Miscellaneous,Transport and Communication,159.2,2.84,F
2012,2025,3,March,Delhi,Rural,Miscellaneous,Transport and Communication,146.3,3.25,F
2012,2025,3,March,Delhi,Urban,Miscellaneous,Transport and Communication,162.1,2.34,F
2012,2025,3,March,Delhi,Combined,Miscellaneous,Transport and Communication,160.8,2.42,F
2012,2025,3,March,Gujarat,Rural,Miscellaneous,Transport and Communication,174.3,4.25,F
2012,2025,3,March,Gujarat,Urban,Miscellaneous,Transport and Communication,167.4,4.82,F
2012,2025,3,March,Gujarat,Combined,Miscellaneous,Transport and Communication,170.1,4.61,F
2012,2025,3,March,Haryana,Rural,Miscellaneous,Transport and Communication,180.6,4.09,F
2012,2025,3,March,Haryana,Urban,Miscellaneous,Transport and Communication,164.6,2.55,F
2012,2025,3,March,Haryana,Combined,Miscellaneous,Transport and Communication,172.3,3.36,F
2012,2025,3,March,Himachal Pradesh,Rural,Miscellaneous,Transport and Communication,161.8,2.86,F
2012,2025,3,March,Himachal Pradesh,Urban,Miscellaneous,Transport and Communication,154.7,2.11,F
2012,2025,3,March,Himachal Pradesh,Combined,Miscellaneous,Transport and Communication,160.5,2.69,F
2012,2025,3,March,Jammu & Kashmir,Rural,Miscellaneous,Transport and Communication,194.6,2.26,F
2012,2025,3,March,Jammu & Kashmir,Urban,Miscellaneous,Transport and Communication,172.9,1.23,F
2012,2025,3,March,Jammu & Kashmir,Combined,Miscellaneous,Transport and Communication,185.9,1.86,F
2012,2025,3,March,Jharkhand,Rural,Miscellaneous,Transport and Communication,168.5,-0.30,F
2012,2025,3,March,Jharkhand,Urban,Miscellaneous,Transport and Communication,162.4,0.74,F
2012,2025,3,March,Jharkhand,Combined,Miscellaneous,Transport and Communication,165.7,0.12,F
2012,2025,3,March,Karnataka,Rural,Miscellaneous,Transport and Communication,178.7,7.26,F
2012,2025,3,March,Karnataka,Urban,Miscellaneous,Transport and Communication,166.5,5.05,F
2012,2025,3,March,Karnataka,Combined,Miscellaneous,Transport and Communication,171.5,6.00,F
2012,2025,3,March,Kerala,Rural,Miscellaneous,Transport and Communication,185.1,1.87,F
2012,2025,3,March,Kerala,Urban,Miscellaneous,Transport and Communication,173.3,0.99,F
2012,2025,3,March,Kerala,Combined,Miscellaneous,Transport and Communication,180.4,1.52,F
2012,2025,3,March,Madhya Pradesh,Rural,Miscellaneous,Transport and Communication,179.5,4.18,F
2012,2025,3,March,Madhya Pradesh,Urban,Miscellaneous,Transport and Communication,169.6,4.11,F
2012,2025,3,March,Madhya Pradesh,Combined,Miscellaneous,Transport and Communication,174.6,4.18,F
2012,2025,3,March,Maharashtra,Rural,Miscellaneous,Transport and Communication,175.7,4.33,F
2012,2025,3,March,Maharashtra,Urban,Miscellaneous,Transport and Communication,169.7,5.08,F
2012,2025,3,March,Maharashtra,Combined,Miscellaneous,Transport and Communication,171.5,4.83,F
2012,2025,3,March,Odisha,Rural,Miscellaneous,Transport and Communication,189.8,5.86,F
2012,2025,3,March,Odisha,Urban,Miscellaneous,Transport and Communication,157.0,1.62,F
2012,2025,3,March,Odisha,Combined,Miscellaneous,Transport and Communication,176.8,4.31,F
2012,2025,3,March,Punjab,Rural,Miscellaneous,Transport and Communication,174.9,4.79,F
2012,2025,3,March,Punjab,Urban,Miscellaneous,Transport and Communication,160.1,3.22,F
2012,2025,3,March,Punjab,Combined,Miscellaneous,Transport and Communication,168.7,4.20,F
2012,2025,3,March,Rajasthan,Rural,Miscellaneous,Transport and Communication,172.1,2.68,F
2012,2025,3,March,Rajasthan,Urban,Miscellaneous,Transport and Communication,162.0,1.31,F
2012,2025,3,March,Rajasthan,Combined,Miscellaneous,Transport and Communication,167.9,2.13,F
2012,2025,3,March,Tamil Nadu,Rural,Miscellaneous,Transport and Communication,173.2,2.12,F
2012,2025,3,March,Tamil Nadu,Urban,Miscellaneous,Transport and Communication,165.5,2.80,F
2012,2025,3,March,Tamil Nadu,Combined,Miscellaneous,Transport and Communication,168.6,2.49,F
2012,2025,3,March,Telangana,Rural,Miscellaneous,Transport and Communication,197.1,6.71,F
2012,2025,3,March,Telangana,Urban,Miscellaneous,Transport and Communication,169.6,2.85,F
2012,2025,3,March,Telangana,Combined,Miscellaneous,Transport and Communication,180.8,4.51,F
2012,2025,3,March,Uttarakhand,Rural,Miscellaneous,Transport and Communication,187.5,3.71,F
2012,2025,3,March,Uttarakhand,Urban,Miscellaneous,Transport and Communication,155.9,4.91,F
2012,2025,3,March,Uttarakhand,Combined,Miscellaneous,Transport and Communication,176.3,4.07,F
2012,2025,3,March,Uttar Pradesh,Rural,Miscellaneous,Transport and Communication,167.9,2.69,F
2012,2025,3,March,Uttar Pradesh,Urban,Miscellaneous,Transport and Communication,160.0,1.33,F
2012,2025,3,March,Uttar Pradesh,Combined,Miscellaneous,Transport and Communication,164.5,2.11,F
2012,2025,3,March,West Bengal,Rural,Miscellaneous,Transport and Communication,192.3,4.06,F
2012,2025,3,March,West Bengal,Urban,Miscellaneous,Transport and Communication,176.4,2.38,F
2012,2025,3,March,West Bengal,Combined,Miscellaneous,Transport and Communication,182.8,3.10,F
2012,2025,2,February,All India,Rural,Miscellaneous,Transport and Communication,177.7,3.19,F
2012,2025,2,February,All India,Urban,Miscellaneous,Transport and Communication,166.6,2.65,F
2012,2025,2,February,All India,Combined,Miscellaneous,Transport and Communication,171.9,2.93,F
2012,2025,2,February,Andhra Pradesh,Rural,Miscellaneous,Transport and Communication,192.2,0.42,F
2012,2025,2,February,Andhra Pradesh,Urban,Miscellaneous,Transport and Communication,174.8,-0.40,F
2012,2025,2,February,Andhra Pradesh,Combined,Miscellaneous,Transport and Communication,185.2,0.11,F
2012,2025,2,February,Assam,Rural,Miscellaneous,Transport and Communication,179.0,4.99,F
2012,2025,2,February,Assam,Urban,Miscellaneous,Transport and Communication,165.8,5.54,F
2012,2025,2,February,Assam,Combined,Miscellaneous,Transport and Communication,175.5,5.15,F
2012,2025,2,February,Bihar,Rural,Miscellaneous,Transport and Communication,177.2,3.44,F
2012,2025,2,February,Bihar,Urban,Miscellaneous,Transport and Communication,170.3,4.41,F
2012,2025,2,February,Bihar,Combined,Miscellaneous,Transport and Communication,175.9,3.59,F
2012,2025,2,February,Chhattisgarh,Rural,Miscellaneous,Transport and Communication,161.9,3.92,F
2012,2025,2,February,Chhattisgarh,Urban,Miscellaneous,Transport and Communication,156.0,1.10,F
2012,2025,2,February,Chhattisgarh,Combined,Miscellaneous,Transport and Communication,159.1,2.58,F
2012,2025,2,February,Delhi,Rural,Miscellaneous,Transport and Communication,146.2,2.81,F
2012,2025,2,February,Delhi,Urban,Miscellaneous,Transport and Communication,162.0,1.82,F
2012,2025,2,February,Delhi,Combined,Miscellaneous,Transport and Communication,160.7,1.90,F
2012,2025,2,February,Gujarat,Rural,Miscellaneous,Transport and Communication,174.2,4.06,F
2012,2025,2,February,Gujarat,Urban,Miscellaneous,Transport and Communication,167.0,4.31,F
2012,2025,2,February,Gujarat,Combined,Miscellaneous,Transport and Communication,169.8,4.17,F
2012,2025,2,February,Haryana,Rural,Miscellaneous,Transport and Communication,180.4,3.74,F
2012,2025,2,February,Haryana,Urban,Miscellaneous,Transport and Communication,164.1,1.99,F
2012,2025,2,February,Haryana,Combined,Miscellaneous,Transport and Communication,171.9,2.87,F
2012,2025,2,February,Himachal Pradesh,Rural,Miscellaneous,Transport and Communication,161.8,2.73,F
2012,2025,2,February,Himachal Pradesh,Urban,Miscellaneous,Transport and Communication,154.4,1.78,F
2012,2025,2,February,Himachal Pradesh,Combined,Miscellaneous,Transport and Communication,160.5,2.56,F
2012,2025,2,February,Jammu & Kashmir,Rural,Miscellaneous,Transport and Communication,195.8,3.16,F
2012,2025,2,February,Jammu & Kashmir,Urban,Miscellaneous,Transport and Communication,173.3,1.70,F
2012,2025,2,February,Jammu & Kashmir,Combined,Miscellaneous,Transport and Communication,186.8,2.64,F
2012,2025,2,February,Jharkhand,Rural,Miscellaneous,Transport and Communication,168.4,-0.53,F
2012,2025,2,February,Jharkhand,Urban,Miscellaneous,Transport and Communication,162.4,0.62,F
2012,2025,2,February,Jharkhand,Combined,Miscellaneous,Transport and Communication,165.7,0.00,F
2012,2025,2,February,Karnataka,Rural,Miscellaneous,Transport and Communication,177.6,6.54,F
2012,2025,2,February,Karnataka,Urban,Miscellaneous,Transport and Communication,165.6,4.22,F
2012,2025,2,February,Karnataka,Combined,Miscellaneous,Transport and Communication,170.6,5.24,F
2012,2025,2,February,Kerala,Rural,Miscellaneous,Transport and Communication,184.8,1.76,F
2012,2025,2,February,Kerala,Urban,Miscellaneous,Transport and Communication,173.2,0.41,F
2012,2025,2,February,Kerala,Combined,Miscellaneous,Transport and Communication,180.2,1.24,F
2012,2025,2,February,Madhya Pradesh,Rural,Miscellaneous,Transport and Communication,179.3,4.06,F
2012,2025,2,February,Madhya Pradesh,Urban,Miscellaneous,Transport and Communication,169.4,3.67,F
2012,2025,2,February,Madhya Pradesh,Combined,Miscellaneous,Transport and Communication,174.4,3.87,F
2012,2025,2,February,Maharashtra,Rural,Miscellaneous,Transport and Communication,175.0,3.98,F
2012,2025,2,February,Maharashtra,Urban,Miscellaneous,Transport and Communication,169.1,4.58,F
2012,2025,2,February,Maharashtra,Combined,Miscellaneous,Transport and Communication,170.9,4.40,F
2012,2025,2,February,Odisha,Rural,Miscellaneous,Transport and Communication,187.6,4.45,F
2012,2025,2,February,Odisha,Urban,Miscellaneous,Transport and Communication,157.2,1.35,F
2012,2025,2,February,Odisha,Combined,Miscellaneous,Transport and Communication,175.6,3.35,F
2012,2025,2,February,Punjab,Rural,Miscellaneous,Transport and Communication,174.1,4.13,F
2012,2025,2,February,Punjab,Urban,Miscellaneous,Transport and Communication,159.1,2.45,F
2012,2025,2,February,Punjab,Combined,Miscellaneous,Transport and Communication,167.8,3.45,F
2012,2025,2,February,Rajasthan,Rural,Miscellaneous,Transport and Communication,172.0,2.14,F
2012,2025,2,February,Rajasthan,Urban,Miscellaneous,Transport and Communication,161.6,0.44,F
2012,2025,2,February,Rajasthan,Combined,Miscellaneous,Transport and Communication,167.7,1.45,F
2012,2025,2,February,Tamil Nadu,Rural,Miscellaneous,Transport and Communication,173.2,2.06,F
2012,2025,2,February,Tamil Nadu,Urban,Miscellaneous,Transport and Communication,165.5,2.54,F
2012,2025,2,February,Tamil Nadu,Combined,Miscellaneous,Transport and Communication,168.6,2.37,F
2012,2025,2,February,Telangana,Rural,Miscellaneous,Transport and Communication,196.8,6.38,F
2012,2025,2,February,Telangana,Urban,Miscellaneous,Transport and Communication,169.4,2.36,F
2012,2025,2,February,Telangana,Combined,Miscellaneous,Transport and Communication,180.6,4.09,F
2012,2025,2,February,Uttarakhand,Rural,Miscellaneous,Transport and Communication,187.4,4.23,F
2012,2025,2,February,Uttarakhand,Urban,Miscellaneous,Transport and Communication,155.3,4.72,F
2012,2025,2,February,Uttarakhand,Combined,Miscellaneous,Transport and Communication,176.0,4.39,F
2012,2025,2,February,Uttar Pradesh,Rural,Miscellaneous,Transport and Communication,167.8,2.38,F
2012,2025,2,February,Uttar Pradesh,Urban,Miscellaneous,Transport and Communication,159.5,0.69,F
2012,2025,2,February,Uttar Pradesh,Combined,Miscellaneous,Transport and Communication,164.2,1.67,F
2012,2025,2,February,West Bengal,Rural,Miscellaneous,Transport and Communication,192.0,3.90,F
2012,2025,2,February,West Bengal,Urban,Miscellaneous,Transport and Communication,176.3,2.20,F
2012,2025,2,February,West Bengal,Combined,Miscellaneous,Transport and Communication,182.6,2.93,F
2012,2025,1,January,All India,Rural,Miscellaneous,Transport and Communication,177.3,3.08,F
2012,2025,1,January,All India,Urban,Miscellaneous,Transport and Communication,166.1,2.47,F
2012,2025,1,January,All India,Combined,Miscellaneous,Transport and Communication,171.4,2.76,F
2012,2025,1,January,Andhra Pradesh,Rural,Miscellaneous,Transport and Communication,192.4,0.79,F
2012,2025,1,January,Andhra Pradesh,Urban,Miscellaneous,Transport and Communication,175.0,-0.40,F
2012,2025,1,January,Andhra Pradesh,Combined,Miscellaneous,Transport and Communication,185.4,0.32,F
2012,2025,1,January,Assam,Rural,Miscellaneous,Transport and Communication,178.7,4.14,F
2012,2025,1,January,Assam,Urban,Miscellaneous,Transport and Communication,165.6,5.41,F
2012,2025,1,January,Assam,Combined,Miscellaneous,Transport and Communication,175.2,4.47,F
2012,2025,1,January,Bihar,Rural,Miscellaneous,Transport and Communication,176.8,3.39,F
2012,2025,1,January,Bihar,Urban,Miscellaneous,Transport and Communication,169.4,4.05,F
2012,2025,1,January,Bihar,Combined,Miscellaneous,Transport and Communication,175.4,3.48,F
2012,2025,1,January,Chhattisgarh,Rural,Miscellaneous,Transport and Communication,161.8,4.12,F
2012,2025,1,January,Chhattisgarh,Urban,Miscellaneous,Transport and Communication,156.1,1.17,F
2012,2025,1,January,Chhattisgarh,Combined,Miscellaneous,Transport and Communication,159.1,2.71,F
2012,2025,1,January,Delhi,Rural,Miscellaneous,Transport and Communication,146.2,2.89,F
2012,2025,1,January,Delhi,Urban,Miscellaneous,Transport and Communication,162.0,1.89,F
2012,2025,1,January,Delhi,Combined,Miscellaneous,Transport and Communication,160.7,1.97,F
2012,2025,1,January,Gujarat,Rural,Miscellaneous,Transport and Communication,174.1,4.13,F
2012,2025,1,January,Gujarat,Urban,Miscellaneous,Transport and Communication,167.0,4.44,F
2012,2025,1,January,Gujarat,Combined,Miscellaneous,Transport and Communication,169.8,4.30,F
2012,2025,1,January,Haryana,Rural,Miscellaneous,Transport and Communication,180.3,3.68,F
2012,2025,1,January,Haryana,Urban,Miscellaneous,Transport and Communication,164.3,2.18,F
2012,2025,1,January,Haryana,Combined,Miscellaneous,Transport and Communication,172.0,2.93,F
2012,2025,1,January,Himachal Pradesh,Rural,Miscellaneous,Transport and Communication,161.8,2.66,F
2012,2025,1,January,Himachal Pradesh,Urban,Miscellaneous,Transport and Communication,154.4,1.71,F
2012,2025,1,January,Himachal Pradesh,Combined,Miscellaneous,Transport and Communication,160.5,2.49,F
2012,2025,1,January,Jammu & Kashmir,Rural,Miscellaneous,Transport and Communication,195.5,4.77,F
2012,2025,1,January,Jammu & Kashmir,Urban,Miscellaneous,Transport and Communication,172.9,1.47,F
2012,2025,1,January,Jammu & Kashmir,Combined,Miscellaneous,Transport and Communication,186.5,3.55,F
2012,2025,1,January,Jharkhand,Rural,Miscellaneous,Transport and Communication,169.1,-0.12,F
2012,2025,1,January,Jharkhand,Urban,Miscellaneous,Transport and Communication,162.3,0.56,F
2012,2025,1,January,Jharkhand,Combined,Miscellaneous,Transport and Communication,166.0,0.18,F
2012,2025,1,January,Karnataka,Rural,Miscellaneous,Transport and Communication,175.9,5.90,F
2012,2025,1,January,Karnataka,Urban,Miscellaneous,Transport and Communication,165.0,4.04,F
2012,2025,1,January,Karnataka,Combined,Miscellaneous,Transport and Communication,169.5,4.82,F
2012,2025,1,January,Kerala,Rural,Miscellaneous,Transport and Communication,184.6,1.65,F
2012,2025,1,January,Kerala,Urban,Miscellaneous,Transport and Communication,172.4,0.23,F
2012,2025,1,January,Kerala,Combined,Miscellaneous,Transport and Communication,179.8,1.12,F
2012,2025,1,January,Madhya Pradesh,Rural,Miscellaneous,Transport and Communication,178.5,3.66,F
2012,2025,1,January,Madhya Pradesh,Urban,Miscellaneous,Transport and Communication,169.3,3.87,F
2012,2025,1,January,Madhya Pradesh,Combined,Miscellaneous,Transport and Communication,173.9,3.76,F
2012,2025,1,January,Maharashtra,Rural,Miscellaneous,Transport and Communication,172.5,2.56,F
2012,2025,1,January,Maharashtra,Urban,Miscellaneous,Transport and Communication,167.5,3.78,F
2012,2025,1,January,Maharashtra,Combined,Miscellaneous,Transport and Communication,169.0,3.43,F
2012,2025,1,January,Odisha,Rural,Miscellaneous,Transport and Communication,186.8,4.12,F
2012,2025,1,January,Odisha,Urban,Miscellaneous,Transport and Communication,157.3,1.55,F
2012,2025,1,January,Odisha,Combined,Miscellaneous,Transport and Communication,175.1,3.18,F
2012,2025,1,January,Punjab,Rural,Miscellaneous,Transport and Communication,173.8,3.95,F
2012,2025,1,January,Punjab,Urban,Miscellaneous,Transport and Communication,159.0,2.51,F
2012,2025,1,January,Punjab,Combined,Miscellaneous,Transport and Communication,167.6,3.39,F
2012,2025,1,January,Rajasthan,Rural,Miscellaneous,Transport and Communication,171.8,2.32,F
2012,2025,1,January,Rajasthan,Urban,Miscellaneous,Transport and Communication,161.5,0.44,F
2012,2025,1,January,Rajasthan,Combined,Miscellaneous,Transport and Communication,167.6,1.58,F
2012,2025,1,January,Tamil Nadu,Rural,Miscellaneous,Transport and Communication,173.1,2.06,F
2012,2025,1,January,Tamil Nadu,Urban,Miscellaneous,Transport and Communication,165.3,2.54,F
2012,2025,1,January,Tamil Nadu,Combined,Miscellaneous,Transport and Communication,168.4,2.31,F
2012,2025,1,January,Telangana,Rural,Miscellaneous,Transport and Communication,196.1,6.00,F
2012,2025,1,January,Telangana,Urban,Miscellaneous,Transport and Communication,169.3,2.30,F
2012,2025,1,January,Telangana,Combined,Miscellaneous,Transport and Communication,180.3,3.92,F
2012,2025,1,January,Uttarakhand,Rural,Miscellaneous,Transport and Communication,187.6,4.63,F
2012,2025,1,January,Uttarakhand,Urban,Miscellaneous,Transport and Communication,155.3,5.07,F
2012,2025,1,January,Uttarakhand,Combined,Miscellaneous,Transport and Communication,176.2,4.82,F
2012,2025,1,January,Uttar Pradesh,Rural,Miscellaneous,Transport and Communication,168.1,2.63,F
2012,2025,1,January,Uttar Pradesh,Urban,Miscellaneous,Transport and Communication,159.4,0.76,F
2012,2025,1,January,Uttar Pradesh,Combined,Miscellaneous,Transport and Communication,164.3,1.80,F
2012,2025,1,January,West Bengal,Rural,Miscellaneous,Transport and Communication,191.9,3.90,F
2012,2025,1,January,West Bengal,Urban,Miscellaneous,Transport and Communication,176.0,2.09,F
2012,2025,1,January,West Bengal,Combined,Miscellaneous,Transport and Communication,182.4,2.88,F
2012,2024,12,December,All India,Rural,Miscellaneous,Transport and Communication,176.7,2.85,F
2012,2024,12,December,All India,Urban,Miscellaneous,Transport and Communication,165.8,2.41,F
2012,2024,12,December,All India,Combined,Miscellaneous,Transport and Communication,171.0,2.64,F
2012,2024,12,December,Andhra Pradesh,Rural,Miscellaneous,Transport and Communication,192.2,0.63,F
2012,2024,12,December,Andhra Pradesh,Urban,Miscellaneous,Transport and Communication,174.8,-0.40,F
2012,2024,12,December,Andhra Pradesh,Combined,Miscellaneous,Transport and Communication,185.2,0.22,F
2012,2024,12,December,Assam,Rural,Miscellaneous,Transport and Communication,179.0,5.11,F
2012,2024,12,December,Assam,Urban,Miscellaneous,Transport and Communication,165.7,5.41,F
2012,2024,12,December,Assam,Combined,Miscellaneous,Transport and Communication,175.5,5.22,F
2012,2024,12,December,Bihar,Rural,Miscellaneous,Transport and Communication,176.4,3.28,F
2012,2024,12,December,Bihar,Urban,Miscellaneous,Transport and Communication,169.1,4.06,F
2012,2024,12,December,Bihar,Combined,Miscellaneous,Transport and Communication,175.0,3.43,F
2012,2024,12,December,Chhattisgarh,Rural,Miscellaneous,Transport and Communication,161.6,4.12,F
2012,2024,12,December,Chhattisgarh,Urban,Miscellaneous,Transport and Communication,155.7,0.91,F
2012,2024,12,December,Chhattisgarh,Combined,Miscellaneous,Transport and Communication,158.8,2.58,F
2012,2024,12,December,Delhi,Rural,Miscellaneous,Transport and Communication,146.2,3.03,F
2012,2024,12,December,Delhi,Urban,Miscellaneous,Transport and Communication,162.0,1.89,F
2012,2024,12,December,Delhi,Combined,Miscellaneous,Transport and Communication,160.7,1.97,F
2012,2024,12,December,Gujarat,Rural,Miscellaneous,Transport and Communication,173.6,3.83,F
2012,2024,12,December,Gujarat,Urban,Miscellaneous,Transport and Communication,166.8,4.32,F
2012,2024,12,December,Gujarat,Combined,Miscellaneous,Transport and Communication,169.5,4.12,F
2012,2024,12,December,Haryana,Rural,Miscellaneous,Transport and Communication,179.8,3.63,F
2012,2024,12,December,Haryana,Urban,Miscellaneous,Transport and Communication,164.2,2.18,F
2012,2024,12,December,Haryana,Combined,Miscellaneous,Transport and Communication,171.7,2.94,F
2012,2024,12,December,Himachal Pradesh,Rural,Miscellaneous,Transport and Communication,161.1,2.22,F
2012,2024,12,December,Himachal Pradesh,Urban,Miscellaneous,Transport and Communication,154.3,1.58,F
2012,2024,12,December,Himachal Pradesh,Combined,Miscellaneous,Transport and Communication,159.9,2.11,F
2012,2024,12,December,Jammu & Kashmir,Rural,Miscellaneous,Transport and Communication,196.1,5.03,F
2012,2024,12,December,Jammu & Kashmir,Urban,Miscellaneous,Transport and Communication,174.0,2.05,F
2012,2024,12,December,Jammu & Kashmir,Combined,Miscellaneous,Transport and Communication,187.3,3.94,F
2012,2024,12,December,Jharkhand,Rural,Miscellaneous,Transport and Communication,168.3,-0.47,F
2012,2024,12,December,Jharkhand,Urban,Miscellaneous,Transport and Communication,162.2,0.50,F
2012,2024,12,December,Jharkhand,Combined,Miscellaneous,Transport and Communication,165.5,-0.06,F
2012,2024,12,December,Karnataka,Rural,Miscellaneous,Transport and Communication,169.8,2.47,F
2012,2024,12,December,Karnataka,Urban,Miscellaneous,Transport and Communication,162.0,2.27,F
2012,2024,12,December,Karnataka,Combined,Miscellaneous,Transport and Communication,165.2,2.35,F
2012,2024,12,December,Kerala,Rural,Miscellaneous,Transport and Communication,184.4,1.71,F
2012,2024,12,December,Kerala,Urban,Miscellaneous,Transport and Communication,172.2,0.41,F
2012,2024,12,December,Kerala,Combined,Miscellaneous,Transport and Communication,179.6,1.24,F
2012,2024,12,December,Madhya Pradesh,Rural,Miscellaneous,Transport and Communication,178.3,3.54,F
2012,2024,12,December,Madhya Pradesh,Urban,Miscellaneous,Transport and Communication,168.7,3.62,F
2012,2024,12,December,Madhya Pradesh,Combined,Miscellaneous,Transport and Communication,173.5,3.58,F
2012,2024,12,December,Maharashtra,Rural,Miscellaneous,Transport and Communication,171.6,2.08,F
2012,2024,12,December,Maharashtra,Urban,Miscellaneous,Transport and Communication,167.3,3.85,F
2012,2024,12,December,Maharashtra,Combined,Miscellaneous,Transport and Communication,168.6,3.31,F
2012,2024,12,December,Odisha,Rural,Miscellaneous,Transport and Communication,187.7,4.74,F
2012,2024,12,December,Odisha,Urban,Miscellaneous,Transport and Communication,157.4,1.75,F
2012,2024,12,December,Odisha,Combined,Miscellaneous,Transport and Communication,175.7,3.66,F
2012,2024,12,December,Punjab,Rural,Miscellaneous,Transport and Communication,172.8,3.47,F
2012,2024,12,December,Punjab,Urban,Miscellaneous,Transport and Communication,159.0,2.32,F
2012,2024,12,December,Punjab,Combined,Miscellaneous,Transport and Communication,167.0,3.02,F
2012,2024,12,December,Rajasthan,Rural,Miscellaneous,Transport and Communication,171.7,2.32,F
2012,2024,12,December,Rajasthan,Urban,Miscellaneous,Transport and Communication,161.3,0.31,F
2012,2024,12,December,Rajasthan,Combined,Miscellaneous,Transport and Communication,167.4,1.52,F
2012,2024,12,December,Tamil Nadu,Rural,Miscellaneous,Transport and Communication,173.2,2.36,F
2012,2024,12,December,Tamil Nadu,Urban,Miscellaneous,Transport and Communication,165.3,2.73,F
2012,2024,12,December,Tamil Nadu,Combined,Miscellaneous,Transport and Communication,168.5,2.62,F
2012,2024,12,December,Telangana,Rural,Miscellaneous,Transport and Communication,196.1,6.00,F
2012,2024,12,December,Telangana,Urban,Miscellaneous,Transport and Communication,169.2,2.30,F
2012,2024,12,December,Telangana,Combined,Miscellaneous,Transport and Communication,180.2,3.92,F
2012,2024,12,December,Uttarakhand,Rural,Miscellaneous,Transport and Communication,187.6,5.51,F
2012,2024,12,December,Uttarakhand,Urban,Miscellaneous,Transport and Communication,155.4,5.86,F
2012,2024,12,December,Uttarakhand,Combined,Miscellaneous,Transport and Communication,176.2,5.64,F
2012,2024,12,December,Uttar Pradesh,Rural,Miscellaneous,Transport and Communication,168.2,2.81,F
2012,2024,12,December,Uttar Pradesh,Urban,Miscellaneous,Transport and Communication,159.3,0.70,F
2012,2024,12,December,Uttar Pradesh,Combined,Miscellaneous,Transport and Communication,164.4,1.92,F
2012,2024,12,December,West Bengal,Rural,Miscellaneous,Transport and Communication,191.5,3.68,F
2012,2024,12,December,West Bengal,Urban,Miscellaneous,Transport and Communication,175.8,2.03,F
2012,2024,12,December,West Bengal,Combined,Miscellaneous,Transport and Communication,182.1,2.71,F
2012,2024,11,November,All India,Rural,Miscellaneous,Transport and Communication,176.6,2.85,F
2012,2024,11,November,All India,Urban,Miscellaneous,Transport and Communication,165.7,2.47,F
2012,2024,11,November,All India,Combined,Miscellaneous,Transport and Communication,170.9,2.70,F
2012,2024,11,November,Andhra Pradesh,Rural,Miscellaneous,Transport and Communication,192.2,0.84,F
2012,2024,11,November,Andhra Pradesh,Urban,Miscellaneous,Transport and Communication,174.9,-0.34,F
2012,2024,11,November,Andhra Pradesh,Combined,Miscellaneous,Transport and Communication,185.3,0.43,F
2012,2024,11,November,Assam,Rural,Miscellaneous,Transport and Communication,178.7,4.81,F
2012,2024,11,November,Assam,Urban,Miscellaneous,Transport and Communication,165.4,5.35,F
2012,2024,11,November,Assam,Combined,Miscellaneous,Transport and Communication,175.2,4.97,F
2012,2024,11,November,Bihar,Rural,Miscellaneous,Transport and Communication,176.3,3.40,F
2012,2024,11,November,Bihar,Urban,Miscellaneous,Transport and Communication,169.2,4.44,F
2012,2024,11,November,Bihar,Combined,Miscellaneous,Transport and Communication,175.0,3.61,F
2012,2024,11,November,Chhattisgarh,Rural,Miscellaneous,Transport and Communication,161.4,3.99,F
2012,2024,11,November,Chhattisgarh,Urban,Miscellaneous,Transport and Communication,155.6,1.10,F
2012,2024,11,November,Chhattisgarh,Combined,Miscellaneous,Transport and Communication,158.7,2.65,F
2012,2024,11,November,Delhi,Rural,Miscellaneous,Transport and Communication,146.2,3.03,F
2012,2024,11,November,Delhi,Urban,Miscellaneous,Transport and Communication,161.9,1.82,F
2012,2024,11,November,Delhi,Combined,Miscellaneous,Transport and Communication,160.6,1.90,F
2012,2024,11,November,Gujarat,Rural,Miscellaneous,Transport and Communication,173.6,3.89,F
2012,2024,11,November,Gujarat,Urban,Miscellaneous,Transport and Communication,166.7,4.45,F
2012,2024,11,November,Gujarat,Combined,Miscellaneous,Transport and Communication,169.4,4.25,F
2012,2024,11,November,Haryana,Rural,Miscellaneous,Transport and Communication,179.8,3.51,F
2012,2024,11,November,Haryana,Urban,Miscellaneous,Transport and Communication,164.3,2.50,F
2012,2024,11,November,Haryana,Combined,Miscellaneous,Transport and Communication,171.7,3.00,F
2012,2024,11,November,Himachal Pradesh,Rural,Miscellaneous,Transport and Communication,161.1,2.22,F
2012,2024,11,November,Himachal Pradesh,Urban,Miscellaneous,Transport and Communication,154.3,1.65,F
2012,2024,11,November,Himachal Pradesh,Combined,Miscellaneous,Transport and Communication,159.9,2.11,F
2012,2024,11,November,Jammu & Kashmir,Rural,Miscellaneous,Transport and Communication,195.9,4.98,F
2012,2024,11,November,Jammu & Kashmir,Urban,Miscellaneous,Transport and Communication,174.0,2.05,F
2012,2024,11,November,Jammu & Kashmir,Combined,Miscellaneous,Transport and Communication,187.1,3.83,F
2012,2024,11,November,Jharkhand,Rural,Miscellaneous,Transport and Communication,168.0,-0.53,F
2012,2024,11,November,Jharkhand,Urban,Miscellaneous,Transport and Communication,162.1,0.43,F
2012,2024,11,November,Jharkhand,Combined,Miscellaneous,Transport and Communication,165.3,-0.12,F
2012,2024,11,November,Karnataka,Rural,Miscellaneous,Transport and Communication,169.6,2.48,F
2012,2024,11,November,Karnataka,Urban,Miscellaneous,Transport and Communication,161.6,2.08,F
2012,2024,11,November,Karnataka,Combined,Miscellaneous,Transport and Communication,164.9,2.23,F
2012,2024,11,November,Kerala,Rural,Miscellaneous,Transport and Communication,184.2,1.49,F
2012,2024,11,November,Kerala,Urban,Miscellaneous,Transport and Communication,172.4,0.70,F
2012,2024,11,November,Kerala,Combined,Miscellaneous,Transport and Communication,179.5,1.18,F
2012,2024,11,November,Madhya Pradesh,Rural,Miscellaneous,Transport and Communication,178.1,3.67,F
2012,2024,11,November,Madhya Pradesh,Urban,Miscellaneous,Transport and Communication,168.6,3.50,F
2012,2024,11,November,Madhya Pradesh,Combined,Miscellaneous,Transport and Communication,173.4,3.58,F
2012,2024,11,November,Maharashtra,Rural,Miscellaneous,Transport and Communication,171.6,1.84,F
2012,2024,11,November,Maharashtra,Urban,Miscellaneous,Transport and Communication,167.2,3.98,F
2012,2024,11,November,Maharashtra,Combined,Miscellaneous,Transport and Communication,168.5,3.31,F
2012,2024,11,November,Odisha,Rural,Miscellaneous,Transport and Communication,187.9,4.85,F
2012,2024,11,November,Odisha,Urban,Miscellaneous,Transport and Communication,157.2,2.01,F
2012,2024,11,November,Odisha,Combined,Miscellaneous,Transport and Communication,175.8,3.84,F
2012,2024,11,November,Punjab,Rural,Miscellaneous,Transport and Communication,172.5,3.17,F
2012,2024,11,November,Punjab,Urban,Miscellaneous,Transport and Communication,159.0,2.51,F
2012,2024,11,November,Punjab,Combined,Miscellaneous,Transport and Communication,166.8,2.90,F
2012,2024,11,November,Rajasthan,Rural,Miscellaneous,Transport and Communication,171.6,2.26,F
2012,2024,11,November,Rajasthan,Urban,Miscellaneous,Transport and Communication,161.2,0.37,F
2012,2024,11,November,Rajasthan,Combined,Miscellaneous,Transport and Communication,167.3,1.52,F
2012,2024,11,November,Tamil Nadu,Rural,Miscellaneous,Transport and Communication,173.1,3.04,F
2012,2024,11,November,Tamil Nadu,Urban,Miscellaneous,Transport and Communication,165.2,2.80,F
2012,2024,11,November,Tamil Nadu,Combined,Miscellaneous,Transport and Communication,168.4,2.93,F
2012,2024,11,November,Telangana,Rural,Miscellaneous,Transport and Communication,196.0,6.06,F
2012,2024,11,November,Telangana,Urban,Miscellaneous,Transport and Communication,169.1,2.30,F
2012,2024,11,November,Telangana,Combined,Miscellaneous,Transport and Communication,180.1,3.92,F
2012,2024,11,November,Uttarakhand,Rural,Miscellaneous,Transport and Communication,187.5,5.40,F
2012,2024,11,November,Uttarakhand,Urban,Miscellaneous,Transport and Communication,155.1,5.87,F
2012,2024,11,November,Uttarakhand,Combined,Miscellaneous,Transport and Communication,176.0,5.52,F
2012,2024,11,November,Uttar Pradesh,Rural,Miscellaneous,Transport and Communication,167.9,2.69,F
2012,2024,11,November,Uttar Pradesh,Urban,Miscellaneous,Transport and Communication,159.3,1.14,F
2012,2024,11,November,Uttar Pradesh,Combined,Miscellaneous,Transport and Communication,164.2,2.05,F
2012,2024,11,November,West Bengal,Rural,Miscellaneous,Transport and Communication,191.4,3.63,F
2012,2024,11,November,West Bengal,Urban,Miscellaneous,Transport and Communication,175.9,2.21,F
2012,2024,11,November,West Bengal,Combined,Miscellaneous,Transport and Communication,182.1,2.82,F
2012,2024,10,October,All India,Rural,Miscellaneous,Transport and Communication,176.4,2.92,F
2012,2024,10,October,All India,Urban,Miscellaneous,Transport and Communication,165.5,2.54,F
2012,2024,10,October,All India,Combined,Miscellaneous,Transport and Communication,170.7,2.77,F
2012,2024,10,October,Andhra Pradesh,Rural,Miscellaneous,Transport and Communication,192.2,1.05,F
2012,2024,10,October,Andhra Pradesh,Urban,Miscellaneous,Transport and Communication,175.4,-0.06,F
2012,2024,10,October,Andhra Pradesh,Combined,Miscellaneous,Transport and Communication,185.5,0.65,F
2012,2024,10,October,Assam,Rural,Miscellaneous,Transport and Communication,178.2,4.33,F
2012,2024,10,October,Assam,Urban,Miscellaneous,Transport and Communication,165.0,5.23,F
2012,2024,10,October,Assam,Combined,Miscellaneous,Transport and Communication,174.7,4.55,F
2012,2024,10,October,Bihar,Rural,Miscellaneous,Transport and Communication,176.1,3.28,F
2012,2024,10,October,Bihar,Urban,Miscellaneous,Transport and Communication,168.8,4.33,F
2012,2024,10,October,Bihar,Combined,Miscellaneous,Transport and Communication,174.7,3.43,F
2012,2024,10,October,Chhattisgarh,Rural,Miscellaneous,Transport and Communication,161.0,3.67,F
2012,2024,10,October,Chhattisgarh,Urban,Miscellaneous,Transport and Communication,155.5,1.04,F
2012,2024,10,October,Chhattisgarh,Combined,Miscellaneous,Transport and Communication,158.4,2.46,F
2012,2024,10,October,Delhi,Rural,Miscellaneous,Transport and Communication,146.2,3.03,F
2012,2024,10,October,Delhi,Urban,Miscellaneous,Transport and Communication,161.8,1.83,F
2012,2024,10,October,Delhi,Combined,Miscellaneous,Transport and Communication,160.5,1.90,F
2012,2024,10,October,Gujarat,Rural,Miscellaneous,Transport and Communication,173.4,3.96,F
2012,2024,10,October,Gujarat,Urban,Miscellaneous,Transport and Communication,166.8,4.64,F
2012,2024,10,October,Gujarat,Combined,Miscellaneous,Transport and Communication,169.4,4.37,F
2012,2024,10,October,Haryana,Rural,Miscellaneous,Transport and Communication,179.7,3.69,F
2012,2024,10,October,Haryana,Urban,Miscellaneous,Transport and Communication,164.5,2.56,F
2012,2024,10,October,Haryana,Combined,Miscellaneous,Transport and Communication,171.8,3.12,F
2012,2024,10,October,Himachal Pradesh,Rural,Miscellaneous,Transport and Communication,161.0,2.09,F
2012,2024,10,October,Himachal Pradesh,Urban,Miscellaneous,Transport and Communication,154.3,1.65,F
2012,2024,10,October,Himachal Pradesh,Combined,Miscellaneous,Transport and Communication,159.8,2.04,F
2012,2024,10,October,Jammu & Kashmir,Rural,Miscellaneous,Transport and Communication,195.9,5.21,F
2012,2024,10,October,Jammu & Kashmir,Urban,Miscellaneous,Transport and Communication,173.8,1.94,F
2012,2024,10,October,Jammu & Kashmir,Combined,Miscellaneous,Transport and Communication,187.1,4.00,F
2012,2024,10,October,Jharkhand,Rural,Miscellaneous,Transport and Communication,167.7,-0.59,F
2012,2024,10,October,Jharkhand,Urban,Miscellaneous,Transport and Communication,162.1,-0.31,F
2012,2024,10,October,Jharkhand,Combined,Miscellaneous,Transport and Communication,165.2,-0.42,F
2012,2024,10,October,Karnataka,Rural,Miscellaneous,Transport and Communication,169.4,2.42,F
2012,2024,10,October,Karnataka,Urban,Miscellaneous,Transport and Communication,161.6,2.21,F
2012,2024,10,October,Karnataka,Combined,Miscellaneous,Transport and Communication,164.8,2.30,F
2012,2024,10,October,Kerala,Rural,Miscellaneous,Transport and Communication,183.9,1.49,F
2012,2024,10,October,Kerala,Urban,Miscellaneous,Transport and Communication,172.0,0.70,F
2012,2024,10,October,Kerala,Combined,Miscellaneous,Transport and Communication,179.2,1.19,F
2012,2024,10,October,Madhya Pradesh,Rural,Miscellaneous,Transport and Communication,178.0,3.67,F
2012,2024,10,October,Madhya Pradesh,Urban,Miscellaneous,Transport and Communication,167.6,2.89,F
2012,2024,10,October,Madhya Pradesh,Combined,Miscellaneous,Transport and Communication,172.8,3.29,F
2012,2024,10,October,Maharashtra,Rural,Miscellaneous,Transport and Communication,171.5,2.14,F
2012,2024,10,October,Maharashtra,Urban,Miscellaneous,Transport and Communication,166.6,3.80,F
2012,2024,10,October,Maharashtra,Combined,Miscellaneous,Transport and Communication,168.1,3.32,F
2012,2024,10,October,Odisha,Rural,Miscellaneous,Transport and Communication,187.2,4.52,F
2012,2024,10,October,Odisha,Urban,Miscellaneous,Transport and Communication,157.1,1.68,F
2012,2024,10,October,Odisha,Combined,Miscellaneous,Transport and Communication,175.3,3.48,F
2012,2024,10,October,Punjab,Rural,Miscellaneous,Transport and Communication,171.8,2.81,F
2012,2024,10,October,Punjab,Urban,Miscellaneous,Transport and Communication,158.8,3.93,F
2012,2024,10,October,Punjab,Combined,Miscellaneous,Transport and Communication,166.3,3.23,F
2012,2024,10,October,Rajasthan,Rural,Miscellaneous,Transport and Communication,171.0,1.97,F
2012,2024,10,October,Rajasthan,Urban,Miscellaneous,Transport and Communication,161.1,0.44,F
2012,2024,10,October,Rajasthan,Combined,Miscellaneous,Transport and Communication,166.9,1.34,F
2012,2024,10,October,Tamil Nadu,Rural,Miscellaneous,Transport and Communication,173.0,3.22,F
2012,2024,10,October,Tamil Nadu,Urban,Miscellaneous,Transport and Communication,165.2,3.06,F
2012,2024,10,October,Tamil Nadu,Combined,Miscellaneous,Transport and Communication,168.3,3.13,F
2012,2024,10,October,Telangana,Rural,Miscellaneous,Transport and Communication,196.0,6.35,F
2012,2024,10,October,Telangana,Urban,Miscellaneous,Transport and Communication,169.1,2.36,F
2012,2024,10,October,Telangana,Combined,Miscellaneous,Transport and Communication,180.1,4.10,F
2012,2024,10,October,Uttarakhand,Rural,Miscellaneous,Transport and Communication,187.3,5.11,F
2012,2024,10,October,Uttarakhand,Urban,Miscellaneous,Transport and Communication,154.5,5.46,F
2012,2024,10,October,Uttarakhand,Combined,Miscellaneous,Transport and Communication,175.7,5.21,F
2012,2024,10,October,Uttar Pradesh,Rural,Miscellaneous,Transport and Communication,167.6,2.70,F
2012,2024,10,October,Uttar Pradesh,Urban,Miscellaneous,Transport and Communication,158.9,1.08,F
2012,2024,10,October,Uttar Pradesh,Combined,Miscellaneous,Transport and Communication,163.8,1.99,F
2012,2024,10,October,West Bengal,Rural,Miscellaneous,Transport and Communication,191.5,3.68,F
2012,2024,10,October,West Bengal,Urban,Miscellaneous,Transport and Communication,175.9,1.91,F
2012,2024,10,October,West Bengal,Combined,Miscellaneous,Transport and Communication,182.1,2.65,F
2012,2024,9,September,All India,Rural,Miscellaneous,Transport and Communication,176.2,2.86,F
2012,2024,9,September,All India,Urban,Miscellaneous,Transport and Communication,165.4,2.54,F
2012,2024,9,September,All India,Combined,Miscellaneous,Transport and Communication,170.5,2.71,F
2012,2024,9,September,Andhra Pradesh,Rural,Miscellaneous,Transport and Communication,192.3,1.37,F
2012,2024,9,September,Andhra Pradesh,Urban,Miscellaneous,Transport and Communication,175.6,0.00,F
2012,2024,9,September,Andhra Pradesh,Combined,Miscellaneous,Transport and Communication,185.6,0.87,F
2012,2024,9,September,Assam,Rural,Miscellaneous,Transport and Communication,177.5,4.04,F
2012,2024,9,September,Assam,Urban,Miscellaneous,Transport and Communication,164.2,4.85,F
2012,2024,9,September,Assam,Combined,Miscellaneous,Transport and Communication,174.0,4.25,F
2012,2024,9,September,Bihar,Rural,Miscellaneous,Transport and Communication,176.1,3.47,F
2012,2024,9,September,Bihar,Urban,Miscellaneous,Transport and Communication,168.1,4.47,F
2012,2024,9,September,Bihar,Combined,Miscellaneous,Transport and Communication,174.6,3.62,F
2012,2024,9,September,Chhattisgarh,Rural,Miscellaneous,Transport and Communication,160.5,3.35,F
2012,2024,9,September,Chhattisgarh,Urban,Miscellaneous,Transport and Communication,155.5,1.04,F
2012,2024,9,September,Chhattisgarh,Combined,Miscellaneous,Transport and Communication,158.1,2.26,F
2012,2024,9,September,Delhi,Rural,Miscellaneous,Transport and Communication,146.0,3.03,F
2012,2024,9,September,Delhi,Urban,Miscellaneous,Transport and Communication,161.6,1.76,F
2012,2024,9,September,Delhi,Combined,Miscellaneous,Transport and Communication,160.3,1.84,F
2012,2024,9,September,Gujarat,Rural,Miscellaneous,Transport and Communication,173.3,4.02,F
2012,2024,9,September,Gujarat,Urban,Miscellaneous,Transport and Communication,166.7,4.91,F
2012,2024,9,September,Gujarat,Combined,Miscellaneous,Transport and Communication,169.3,4.57,F
2012,2024,9,September,Haryana,Rural,Miscellaneous,Transport and Communication,179.6,3.76,F
2012,2024,9,September,Haryana,Urban,Miscellaneous,Transport and Communication,164.8,2.81,F
2012,2024,9,September,Haryana,Combined,Miscellaneous,Transport and Communication,171.9,3.31,F
2012,2024,9,September,Himachal Pradesh,Rural,Miscellaneous,Transport and Communication,160.8,1.07,F
2012,2024,9,September,Himachal Pradesh,Urban,Miscellaneous,Transport and Communication,154.3,1.85,F
2012,2024,9,September,Himachal Pradesh,Combined,Miscellaneous,Transport and Communication,159.6,1.20,F
2012,2024,9,September,Jammu & Kashmir,Rural,Miscellaneous,Transport and Communication,195.5,4.94,F
2012,2024,9,September,Jammu & Kashmir,Urban,Miscellaneous,Transport and Communication,173.5,1.82,F
2012,2024,9,September,Jammu & Kashmir,Combined,Miscellaneous,Transport and Communication,186.7,3.78,F
2012,2024,9,September,Jharkhand,Rural,Miscellaneous,Transport and Communication,167.7,-0.53,F
2012,2024,9,September,Jharkhand,Urban,Miscellaneous,Transport and Communication,162.0,-0.37,F
2012,2024,9,September,Jharkhand,Combined,Miscellaneous,Transport and Communication,165.1,-0.48,F
2012,2024,9,September,Karnataka,Rural,Miscellaneous,Transport and Communication,169.7,2.54,F
2012,2024,9,September,Karnataka,Urban,Miscellaneous,Transport and Communication,161.4,2.02,F
2012,2024,9,September,Karnataka,Combined,Miscellaneous,Transport and Communication,164.8,2.23,F
2012,2024,9,September,Kerala,Rural,Miscellaneous,Transport and Communication,183.5,1.21,F
2012,2024,9,September,Kerala,Urban,Miscellaneous,Transport and Communication,171.7,0.76,F
2012,2024,9,September,Kerala,Combined,Miscellaneous,Transport and Communication,178.8,1.02,F
2012,2024,9,September,Madhya Pradesh,Rural,Miscellaneous,Transport and Communication,177.7,3.55,F
2012,2024,9,September,Madhya Pradesh,Urban,Miscellaneous,Transport and Communication,167.7,2.88,F
2012,2024,9,September,Madhya Pradesh,Combined,Miscellaneous,Transport and Communication,172.7,3.23,F
2012,2024,9,September,Maharashtra,Rural,Miscellaneous,Transport and Communication,171.2,1.97,F
2012,2024,9,September,Maharashtra,Urban,Miscellaneous,Transport and Communication,166.6,4.13,F
2012,2024,9,September,Maharashtra,Combined,Miscellaneous,Transport and Communication,168.0,3.45,F
2012,2024,9,September,Odisha,Rural,Miscellaneous,Transport and Communication,186.8,4.30,F
2012,2024,9,September,Odisha,Urban,Miscellaneous,Transport and Communication,157.6,2.14,F
2012,2024,9,September,Odisha,Combined,Miscellaneous,Transport and Communication,175.3,3.54,F
2012,2024,9,September,Punjab,Rural,Miscellaneous,Transport and Communication,171.7,3.00,F
2012,2024,9,September,Punjab,Urban,Miscellaneous,Transport and Communication,158.6,3.86,F
2012,2024,9,September,Punjab,Combined,Miscellaneous,Transport and Communication,166.2,3.36,F
2012,2024,9,September,Rajasthan,Rural,Miscellaneous,Transport and Communication,171.2,2.33,F
2012,2024,9,September,Rajasthan,Urban,Miscellaneous,Transport and Communication,161.1,0.69,F
2012,2024,9,September,Rajasthan,Combined,Miscellaneous,Transport and Communication,167.0,1.64,F
2012,2024,9,September,Tamil Nadu,Rural,Miscellaneous,Transport and Communication,173.0,3.28,F
2012,2024,9,September,Tamil Nadu,Urban,Miscellaneous,Transport and Communication,165.0,2.87,F
2012,2024,9,September,Tamil Nadu,Combined,Miscellaneous,Transport and Communication,168.2,3.00,F
2012,2024,9,September,Telangana,Rural,Miscellaneous,Transport and Communication,196.0,5.83,F
2012,2024,9,September,Telangana,Urban,Miscellaneous,Transport and Communication,169.0,2.30,F
2012,2024,9,September,Telangana,Combined,Miscellaneous,Transport and Communication,180.0,3.81,F
2012,2024,9,September,Uttarakhand,Rural,Miscellaneous,Transport and Communication,186.4,4.84,F
2012,2024,9,September,Uttarakhand,Urban,Miscellaneous,Transport and Communication,154.7,5.81,F
2012,2024,9,September,Uttarakhand,Combined,Miscellaneous,Transport and Communication,175.2,5.16,F
2012,2024,9,September,Uttar Pradesh,Rural,Miscellaneous,Transport and Communication,167.2,2.70,F
2012,2024,9,September,Uttar Pradesh,Urban,Miscellaneous,Transport and Communication,159.1,1.08,F
2012,2024,9,September,Uttar Pradesh,Combined,Miscellaneous,Transport and Communication,163.7,1.99,F
2012,2024,9,September,West Bengal,Rural,Miscellaneous,Transport and Communication,191.4,3.63,F
2012,2024,9,September,West Bengal,Urban,Miscellaneous,Transport and Communication,176.1,2.09,F
2012,2024,9,September,West Bengal,Combined,Miscellaneous,Transport and Communication,182.2,2.71,F
2012,2024,8,August,All India,Rural,Miscellaneous,Transport and Communication,176.1,2.92,F
2012,2024,8,August,All India,Urban,Miscellaneous,Transport and Communication,165.3,2.54,F
2012,2024,8,August,All India,Combined,Miscellaneous,Transport and Communication,170.4,2.71,F
2012,2024,8,August,Andhra Pradesh,Rural,Miscellaneous,Transport and Communication,192.6,1.64,F
2012,2024,8,August,Andhra Pradesh,Urban,Miscellaneous,Transport and Communication,175.6,0.06,F
2012,2024,8,August,Andhra Pradesh,Combined,Miscellaneous,Transport and Communication,185.8,1.03,F
2012,2024,8,August,Assam,Rural,Miscellaneous,Transport and Communication,177.7,4.35,F
2012,2024,8,August,Assam,Urban,Miscellaneous,Transport and Communication,162.4,3.77,F
2012,2024,8,August,Assam,Combined,Miscellaneous,Transport and Communication,173.6,4.20,F
2012,2024,8,August,Bihar,Rural,Miscellaneous,Transport and Communication,176.0,3.47,F
2012,2024,8,August,Bihar,Urban,Miscellaneous,Transport and Communication,167.7,5.14,F
2012,2024,8,August,Bihar,Combined,Miscellaneous,Transport and Communication,174.4,3.75,F
2012,2024,8,August,Chhattisgarh,Rural,Miscellaneous,Transport and Communication,159.7,2.83,F
2012,2024,8,August,Chhattisgarh,Urban,Miscellaneous,Transport and Communication,154.9,0.26,F
2012,2024,8,August,Chhattisgarh,Combined,Miscellaneous,Transport and Communication,157.4,1.61,F
2012,2024,8,August,Delhi,Rural,Miscellaneous,Transport and Communication,145.8,2.89,F
2012,2024,8,August,Delhi,Urban,Miscellaneous,Transport and Communication,161.6,1.76,F
2012,2024,8,August,Delhi,Combined,Miscellaneous,Transport and Communication,160.3,1.84,F
2012,2024,8,August,Gujarat,Rural,Miscellaneous,Transport and Communication,173.2,4.40,F
2012,2024,8,August,Gujarat,Urban,Miscellaneous,Transport and Communication,166.3,5.05,F
2012,2024,8,August,Gujarat,Combined,Miscellaneous,Transport and Communication,169.0,4.77,F
2012,2024,8,August,Haryana,Rural,Miscellaneous,Transport and Communication,179.4,3.70,F
2012,2024,8,August,Haryana,Urban,Miscellaneous,Transport and Communication,164.7,2.74,F
2012,2024,8,August,Haryana,Combined,Miscellaneous,Transport and Communication,171.7,3.19,F
2012,2024,8,August,Himachal Pradesh,Rural,Miscellaneous,Transport and Communication,160.9,1.13,F
2012,2024,8,August,Himachal Pradesh,Urban,Miscellaneous,Transport and Communication,153.7,1.86,F
2012,2024,8,August,Himachal Pradesh,Combined,Miscellaneous,Transport and Communication,159.6,1.27,F
2012,2024,8,August,Jammu & Kashmir,Rural,Miscellaneous,Transport and Communication,194.8,4.39,F
2012,2024,8,August,Jammu & Kashmir,Urban,Miscellaneous,Transport and Communication,173.2,1.76,F
2012,2024,8,August,Jammu & Kashmir,Combined,Miscellaneous,Transport and Communication,186.2,3.44,F
2012,2024,8,August,Jharkhand,Rural,Miscellaneous,Transport and Communication,168.5,0.00,F
2012,2024,8,August,Jharkhand,Urban,Miscellaneous,Transport and Communication,162.0,0.19,F
2012,2024,8,August,Jharkhand,Combined,Miscellaneous,Transport and Communication,165.5,0.06,F
2012,2024,8,August,Karnataka,Rural,Miscellaneous,Transport and Communication,169.3,2.67,F
2012,2024,8,August,Karnataka,Urban,Miscellaneous,Transport and Communication,162.2,2.72,F
2012,2024,8,August,Karnataka,Combined,Miscellaneous,Transport and Communication,165.1,2.67,F
2012,2024,8,August,Kerala,Rural,Miscellaneous,Transport and Communication,183.2,1.22,F
2012,2024,8,August,Kerala,Urban,Miscellaneous,Transport and Communication,171.9,0.88,F
2012,2024,8,August,Kerala,Combined,Miscellaneous,Transport and Communication,178.7,1.07,F
2012,2024,8,August,Madhya Pradesh,Rural,Miscellaneous,Transport and Communication,177.6,3.74,F
2012,2024,8,August,Madhya Pradesh,Urban,Miscellaneous,Transport and Communication,166.9,2.27,F
2012,2024,8,August,Madhya Pradesh,Combined,Miscellaneous,Transport and Communication,172.3,3.05,F
2012,2024,8,August,Maharashtra,Rural,Miscellaneous,Transport and Communication,171.1,2.09,F
2012,2024,8,August,Maharashtra,Urban,Miscellaneous,Transport and Communication,166.9,4.18,F
2012,2024,8,August,Maharashtra,Combined,Miscellaneous,Transport and Communication,168.2,3.57,F
2012,2024,8,August,Odisha,Rural,Miscellaneous,Transport and Communication,186.1,4.26,F
2012,2024,8,August,Odisha,Urban,Miscellaneous,Transport and Communication,156.7,1.62,F
2012,2024,8,August,Odisha,Combined,Miscellaneous,Transport and Communication,174.5,3.32,F
2012,2024,8,August,Punjab,Rural,Miscellaneous,Transport and Communication,170.7,2.52,F
2012,2024,8,August,Punjab,Urban,Miscellaneous,Transport and Communication,158.0,3.47,F
2012,2024,8,August,Punjab,Combined,Miscellaneous,Transport and Communication,165.3,2.86,F
2012,2024,8,August,Rajasthan,Rural,Miscellaneous,Transport and Communication,171.2,2.39,F
2012,2024,8,August,Rajasthan,Urban,Miscellaneous,Transport and Communication,161.0,1.00,F
2012,2024,8,August,Rajasthan,Combined,Miscellaneous,Transport and Communication,167.0,1.83,F
2012,2024,8,August,Tamil Nadu,Rural,Miscellaneous,Transport and Communication,172.8,3.23,F
2012,2024,8,August,Tamil Nadu,Urban,Miscellaneous,Transport and Communication,164.8,2.55,F
2012,2024,8,August,Tamil Nadu,Combined,Miscellaneous,Transport and Communication,168.0,2.82,F
2012,2024,8,August,Telangana,Rural,Miscellaneous,Transport and Communication,195.2,5.68,F
2012,2024,8,August,Telangana,Urban,Miscellaneous,Transport and Communication,168.7,2.12,F
2012,2024,8,August,Telangana,Combined,Miscellaneous,Transport and Communication,179.5,3.64,F
2012,2024,8,August,Uttarakhand,Rural,Miscellaneous,Transport and Communication,187.2,5.41,F
2012,2024,8,August,Uttarakhand,Urban,Miscellaneous,Transport and Communication,153.4,5.07,F
2012,2024,8,August,Uttarakhand,Combined,Miscellaneous,Transport and Communication,175.2,5.29,F
2012,2024,8,August,Uttar Pradesh,Rural,Miscellaneous,Transport and Communication,167.4,3.02,F
2012,2024,8,August,Uttar Pradesh,Urban,Miscellaneous,Transport and Communication,158.9,0.89,F
2012,2024,8,August,Uttar Pradesh,Combined,Miscellaneous,Transport and Communication,163.7,2.12,F
2012,2024,8,August,West Bengal,Rural,Miscellaneous,Transport and Communication,191.4,3.68,F
2012,2024,8,August,West Bengal,Urban,Miscellaneous,Transport and Communication,175.9,1.97,F
2012,2024,8,August,West Bengal,Combined,Miscellaneous,Transport and Communication,182.1,2.71,F
2012,2024,7,July,All India,Rural,Miscellaneous,Transport and Communication,175.5,2.87,F
2012,2024,7,July,All India,Urban,Miscellaneous,Transport and Communication,164.8,2.30,F
2012,2024,7,July,All India,Combined,Miscellaneous,Transport and Communication,169.9,2.60,F
2012,2024,7,July,Andhra Pradesh,Rural,Miscellaneous,Transport and Communication,192.2,1.42,F
2012,2024,7,July,Andhra Pradesh,Urban,Miscellaneous,Transport and Communication,176.4,0.51,F
2012,2024,7,July,Andhra Pradesh,Combined,Miscellaneous,Transport and Communication,185.9,1.09,F
2012,2024,7,July,Assam,Rural,Miscellaneous,Transport and Communication,176.8,4.49,F
2012,2024,7,July,Assam,Urban,Miscellaneous,Transport and Communication,161.6,3.39,F
2012,2024,7,July,Assam,Combined,Miscellaneous,Transport and Communication,172.8,4.22,F
2012,2024,7,July,Bihar,Rural,Miscellaneous,Transport and Communication,174.9,2.88,F
2012,2024,7,July,Bihar,Urban,Miscellaneous,Transport and Communication,167.4,5.08,F
2012,2024,7,July,Bihar,Combined,Miscellaneous,Transport and Communication,173.5,3.27,F
2012,2024,7,July,Chhattisgarh,Rural,Miscellaneous,Transport and Communication,158.1,2.00,F
2012,2024,7,July,Chhattisgarh,Urban,Miscellaneous,Transport and Communication,153.5,-0.52,F
2012,2024,7,July,Chhattisgarh,Combined,Miscellaneous,Transport and Communication,155.9,0.78,F
2012,2024,7,July,Delhi,Rural,Miscellaneous,Transport and Communication,145.7,2.90,F
2012,2024,7,July,Delhi,Urban,Miscellaneous,Transport and Communication,161.5,1.76,F
2012,2024,7,July,Delhi,Combined,Miscellaneous,Transport and Communication,160.2,1.84,F
2012,2024,7,July,Gujarat,Rural,Miscellaneous,Transport and Communication,173.1,6.98,F
2012,2024,7,July,Gujarat,Urban,Miscellaneous,Transport and Communication,165.4,4.88,F
2012,2024,7,July,Gujarat,Combined,Miscellaneous,Transport and Communication,168.4,5.71,F
2012,2024,7,July,Haryana,Rural,Miscellaneous,Transport and Communication,179.1,4.19,F
2012,2024,7,July,Haryana,Urban,Miscellaneous,Transport and Communication,164.7,2.81,F
2012,2024,7,July,Haryana,Combined,Miscellaneous,Transport and Communication,171.6,3.50,F
2012,2024,7,July,Himachal Pradesh,Rural,Miscellaneous,Transport and Communication,159.9,0.63,F
2012,2024,7,July,Himachal Pradesh,Urban,Miscellaneous,Transport and Communication,153.9,1.99,F
2012,2024,7,July,Himachal Pradesh,Combined,Miscellaneous,Transport and Communication,158.8,0.83,F
2012,2024,7,July,Jammu & Kashmir,Rural,Miscellaneous,Transport and Communication,194.0,4.70,F
2012,2024,7,July,Jammu & Kashmir,Urban,Miscellaneous,Transport and Communication,172.8,1.53,F
2012,2024,7,July,Jammu & Kashmir,Combined,Miscellaneous,Transport and Communication,185.5,3.46,F
2012,2024,7,July,Jharkhand,Rural,Miscellaneous,Transport and Communication,169.5,0.59,F
2012,2024,7,July,Jharkhand,Urban,Miscellaneous,Transport and Communication,161.6,-0.06,F
2012,2024,7,July,Jharkhand,Combined,Miscellaneous,Transport and Communication,165.9,0.30,F
2012,2024,7,July,Karnataka,Rural,Miscellaneous,Transport and Communication,169.3,2.86,F
2012,2024,7,July,Karnataka,Urban,Miscellaneous,Transport and Communication,161.7,2.73,F
2012,2024,7,July,Karnataka,Combined,Miscellaneous,Transport and Communication,164.8,2.74,F
2012,2024,7,July,Kerala,Rural,Miscellaneous,Transport and Communication,183.2,1.44,F
2012,2024,7,July,Kerala,Urban,Miscellaneous,Transport and Communication,171.3,0.47,F
2012,2024,7,July,Kerala,Combined,Miscellaneous,Transport and Communication,178.5,1.08,F
2012,2024,7,July,Madhya Pradesh,Rural,Miscellaneous,Transport and Communication,177.0,3.51,F
2012,2024,7,July,Madhya Pradesh,Urban,Miscellaneous,Transport and Communication,166.1,1.78,F
2012,2024,7,July,Madhya Pradesh,Combined,Miscellaneous,Transport and Communication,171.6,2.69,F
2012,2024,7,July,Maharashtra,Rural,Miscellaneous,Transport and Communication,170.7,1.97,F
2012,2024,7,July,Maharashtra,Urban,Miscellaneous,Transport and Communication,166.2,3.68,F
2012,2024,7,July,Maharashtra,Combined,Miscellaneous,Transport and Communication,167.5,3.14,F
2012,2024,7,July,Odisha,Rural,Miscellaneous,Transport and Communication,185.3,4.04,F
2012,2024,7,July,Odisha,Urban,Miscellaneous,Transport and Communication,156.3,1.43,F
2012,2024,7,July,Odisha,Combined,Miscellaneous,Transport and Communication,173.8,3.08,F
2012,2024,7,July,Punjab,Rural,Miscellaneous,Transport and Communication,169.9,2.16,F
2012,2024,7,July,Punjab,Urban,Miscellaneous,Transport and Communication,157.2,3.08,F
2012,2024,7,July,Punjab,Combined,Miscellaneous,Transport and Communication,164.5,2.49,F
2012,2024,7,July,Rajasthan,Rural,Miscellaneous,Transport and Communication,170.7,2.15,F
2012,2024,7,July,Rajasthan,Urban,Miscellaneous,Transport and Communication,160.4,0.56,F
2012,2024,7,July,Rajasthan,Combined,Miscellaneous,Transport and Communication,166.5,1.52,F
2012,2024,7,July,Tamil Nadu,Rural,Miscellaneous,Transport and Communication,172.5,3.11,F
2012,2024,7,July,Tamil Nadu,Urban,Miscellaneous,Transport and Communication,164.3,2.37,F
2012,2024,7,July,Tamil Nadu,Combined,Miscellaneous,Transport and Communication,167.6,2.70,F
2012,2024,7,July,Telangana,Rural,Miscellaneous,Transport and Communication,192.4,4.51,F
2012,2024,7,July,Telangana,Urban,Miscellaneous,Transport and Communication,167.6,1.76,F
2012,2024,7,July,Telangana,Combined,Miscellaneous,Transport and Communication,177.7,2.95,F
2012,2024,7,July,Uttarakhand,Rural,Miscellaneous,Transport and Communication,185.9,5.87,F
2012,2024,7,July,Uttarakhand,Urban,Miscellaneous,Transport and Communication,153.1,4.93,F
2012,2024,7,July,Uttarakhand,Combined,Miscellaneous,Transport and Communication,174.3,5.57,F
2012,2024,7,July,Uttar Pradesh,Rural,Miscellaneous,Transport and Communication,166.8,2.77,F
2012,2024,7,July,Uttar Pradesh,Urban,Miscellaneous,Transport and Communication,158.5,0.83,F
2012,2024,7,July,Uttar Pradesh,Combined,Miscellaneous,Transport and Communication,163.2,1.94,F
2012,2024,7,July,West Bengal,Rural,Miscellaneous,Transport and Communication,190.7,3.42,F
2012,2024,7,July,West Bengal,Urban,Miscellaneous,Transport and Communication,175.5,1.80,F
2012,2024,7,July,West Bengal,Combined,Miscellaneous,Transport and Communication,181.6,2.48,F
2012,2024,6,June,All India,Rural,Miscellaneous,Transport and Communication,172.0,1.24,F
2012,2024,6,June,All India,Urban,Miscellaneous,Transport and Communication,161.9,0.68,F
2012,2024,6,June,All India,Combined,Miscellaneous,Transport and Communication,166.7,0.97,F
2012,2024,6,June,Andhra Pradesh,Rural,Miscellaneous,Transport and Communication,190.7,1.06,F
2012,2024,6,June,Andhra Pradesh,Urban,Miscellaneous,Transport and Communication,175.3,0.00,F
2012,2024,6,June,Andhra Pradesh,Combined,Miscellaneous,Transport and Communication,184.5,0.65,F
2012,2024,6,June,Assam,Rural,Miscellaneous,Transport and Communication,171.6,1.72,F
2012,2024,6,June,Assam,Urban,Miscellaneous,Transport and Communication,158.4,1.86,F
2012,2024,6,June,Assam,Combined,Miscellaneous,Transport and Communication,168.1,1.76,F
2012,2024,6,June,Bihar,Rural,Miscellaneous,Transport and Communication,169.9,0.00,F
2012,2024,6,June,Bihar,Urban,Miscellaneous,Transport and Communication,164.1,3.08,F
2012,2024,6,June,Bihar,Combined,Miscellaneous,Transport and Communication,168.8,0.54,F
2012,2024,6,June,Chhattisgarh,Rural,Miscellaneous,Transport and Communication,155.5,0.32,F
2012,2024,6,June,Chhattisgarh,Urban,Miscellaneous,Transport and Communication,152.3,-0.91,F
2012,2024,6,June,Chhattisgarh,Combined,Miscellaneous,Transport and Communication,154.0,-0.26,F
2012,2024,6,June,Delhi,Rural,Miscellaneous,Transport and Communication,141.4,-0.14,F
2012,2024,6,June,Delhi,Urban,Miscellaneous,Transport and Communication,158.2,-0.25,F
2012,2024,6,June,Delhi,Combined,Miscellaneous,Transport and Communication,156.8,-0.25,F
2012,2024,6,June,Gujarat,Rural,Miscellaneous,Transport and Communication,166.7,3.09,F
2012,2024,6,June,Gujarat,Urban,Miscellaneous,Transport and Communication,159.4,1.59,F
2012,2024,6,June,Gujarat,Combined,Miscellaneous,Transport and Communication,162.3,2.20,F
2012,2024,6,June,Haryana,Rural,Miscellaneous,Transport and Communication,174.5,1.93,F
2012,2024,6,June,Haryana,Urban,Miscellaneous,Transport and Communication,160.9,0.56,F
2012,2024,6,June,Haryana,Combined,Miscellaneous,Transport and Communication,167.4,1.21,F
2012,2024,6,June,Himachal Pradesh,Rural,Miscellaneous,Transport and Communication,157.5,-0.51,F
2012,2024,6,June,Himachal Pradesh,Urban,Miscellaneous,Transport and Communication,152.0,0.73,F
2012,2024,6,June,Himachal Pradesh,Combined,Miscellaneous,Transport and Communication,156.5,-0.32,F
2012,2024,6,June,Jammu & Kashmir,Rural,Miscellaneous,Transport and Communication,190.6,2.92,F
2012,2024,6,June,Jammu & Kashmir,Urban,Miscellaneous,Transport and Communication,171.0,0.47,F
2012,2024,6,June,Jammu & Kashmir,Combined,Miscellaneous,Transport and Communication,182.8,2.01,F
2012,2024,6,June,Jharkhand,Rural,Miscellaneous,Transport and Communication,169.2,0.53,F
2012,2024,6,June,Jharkhand,Urban,Miscellaneous,Transport and Communication,161.9,0.43,F
2012,2024,6,June,Jharkhand,Combined,Miscellaneous,Transport and Communication,165.9,0.48,F
2012,2024,6,June,Karnataka,Rural,Miscellaneous,Transport and Communication,167.4,2.39,F
2012,2024,6,June,Karnataka,Urban,Miscellaneous,Transport and Communication,158.9,1.08,F
2012,2024,6,June,Karnataka,Combined,Miscellaneous,Transport and Communication,162.4,1.63,F
2012,2024,6,June,Kerala,Rural,Miscellaneous,Transport and Communication,181.5,1.40,F
2012,2024,6,June,Kerala,Urban,Miscellaneous,Transport and Communication,171.0,0.35,F
2012,2024,6,June,Kerala,Combined,Miscellaneous,Transport and Communication,177.4,1.03,F
2012,2024,6,June,Madhya Pradesh,Rural,Miscellaneous,Transport and Communication,172.1,0.82,F
2012,2024,6,June,Madhya Pradesh,Urban,Miscellaneous,Transport and Communication,163.6,0.18,F
2012,2024,6,June,Madhya Pradesh,Combined,Miscellaneous,Transport and Communication,167.9,0.54,F
2012,2024,6,June,Maharashtra,Rural,Miscellaneous,Transport and Communication,167.9,0.60,F
2012,2024,6,June,Maharashtra,Urban,Miscellaneous,Transport and Communication,162.0,1.12,F
2012,2024,6,June,Maharashtra,Combined,Miscellaneous,Transport and Communication,163.8,0.99,F
2012,2024,6,June,Odisha,Rural,Miscellaneous,Transport and Communication,179.0,0.90,F
2012,2024,6,June,Odisha,Urban,Miscellaneous,Transport and Communication,154.6,0.19,F
2012,2024,6,June,Odisha,Combined,Miscellaneous,Transport and Communication,169.4,0.65,F
2012,2024,6,June,Punjab,Rural,Miscellaneous,Transport and Communication,167.3,1.39,F
2012,2024,6,June,Punjab,Urban,Miscellaneous,Transport and Communication,155.1,1.97,F
2012,2024,6,June,Punjab,Combined,Miscellaneous,Transport and Communication,162.2,1.63,F
2012,2024,6,June,Rajasthan,Rural,Miscellaneous,Transport and Communication,166.7,0.06,F
2012,2024,6,June,Rajasthan,Urban,Miscellaneous,Transport and Communication,158.5,-0.44,F
2012,2024,6,June,Rajasthan,Combined,Miscellaneous,Transport and Communication,163.3,-0.18,F
2012,2024,6,June,Tamil Nadu,Rural,Miscellaneous,Transport and Communication,169.4,1.62,F
2012,2024,6,June,Tamil Nadu,Urban,Miscellaneous,Transport and Communication,161.4,0.50,F
2012,2024,6,June,Tamil Nadu,Combined,Miscellaneous,Transport and Communication,164.6,0.92,F
2012,2024,6,June,Telangana,Rural,Miscellaneous,Transport and Communication,186.2,2.20,F
2012,2024,6,June,Telangana,Urban,Miscellaneous,Transport and Communication,165.3,0.85,F
2012,2024,6,June,Telangana,Combined,Miscellaneous,Transport and Communication,173.8,1.40,F
2012,2024,6,June,Uttarakhand,Rural,Miscellaneous,Transport and Communication,180.8,3.08,F
2012,2024,6,June,Uttarakhand,Urban,Miscellaneous,Transport and Communication,148.7,1.64,F
2012,2024,6,June,Uttarakhand,Combined,Miscellaneous,Transport and Communication,169.4,2.60,F
2012,2024,6,June,Uttar Pradesh,Rural,Miscellaneous,Transport and Communication,163.6,0.99,F
2012,2024,6,June,Uttar Pradesh,Urban,Miscellaneous,Transport and Communication,157.2,0.32,F
2012,2024,6,June,Uttar Pradesh,Combined,Miscellaneous,Transport and Communication,160.8,0.69,F
2012,2024,6,June,West Bengal,Rural,Miscellaneous,Transport and Communication,185.7,0.92,F
2012,2024,6,June,West Bengal,Urban,Miscellaneous,Transport and Communication,172.2,0.00,F
2012,2024,6,June,West Bengal,Combined,Miscellaneous,Transport and Communication,177.6,0.40,F
2012,2024,5,May,All India,Rural,Miscellaneous,Transport and Communication,171.8,1.24,F
2012,2024,5,May,All India,Urban,Miscellaneous,Transport and Communication,161.5,0.69,F
2012,2024,5,May,All India,Combined,Miscellaneous,Transport and Communication,166.4,0.97,F
2012,2024,5,May,Andhra Pradesh,Rural,Miscellaneous,Transport and Communication,190.2,0.85,F
2012,2024,5,May,Andhra Pradesh,Urban,Miscellaneous,Transport and Communication,175.2,0.23,F
2012,2024,5,May,Andhra Pradesh,Combined,Miscellaneous,Transport and Communication,184.2,0.60,F
2012,2024,5,May,Assam,Rural,Miscellaneous,Transport and Communication,170.8,1.55,F
2012,2024,5,May,Assam,Urban,Miscellaneous,Transport and Communication,157.7,1.55,F
2012,2024,5,May,Assam,Combined,Miscellaneous,Transport and Communication,167.3,1.52,F
2012,2024,5,May,Bihar,Rural,Miscellaneous,Transport and Communication,170.0,0.24,F
2012,2024,5,May,Bihar,Urban,Miscellaneous,Transport and Communication,163.3,2.83,F
2012,2024,5,May,Bihar,Combined,Miscellaneous,Transport and Communication,168.7,0.66,F
2012,2024,5,May,Chhattisgarh,Rural,Miscellaneous,Transport and Communication,155.4,0.32,F
2012,2024,5,May,Chhattisgarh,Urban,Miscellaneous,Transport and Communication,152.5,-0.72,F
2012,2024,5,May,Chhattisgarh,Combined,Miscellaneous,Transport and Communication,154.0,-0.19,F
2012,2024,5,May,Delhi,Rural,Miscellaneous,Transport and Communication,141.4,-0.14,F
2012,2024,5,May,Delhi,Urban,Miscellaneous,Transport and Communication,158.2,-0.25,F
2012,2024,5,May,Delhi,Combined,Miscellaneous,Transport and Communication,156.8,-0.25,F
2012,2024,5,May,Gujarat,Rural,Miscellaneous,Transport and Communication,166.5,3.16,F
2012,2024,5,May,Gujarat,Urban,Miscellaneous,Transport and Communication,159.2,1.86,F
2012,2024,5,May,Gujarat,Combined,Miscellaneous,Transport and Communication,162.1,2.40,F
2012,2024,5,May,Haryana,Rural,Miscellaneous,Transport and Communication,174.3,2.05,F
2012,2024,5,May,Haryana,Urban,Miscellaneous,Transport and Communication,160.8,0.69,F
2012,2024,5,May,Haryana,Combined,Miscellaneous,Transport and Communication,167.3,1.39,F
2012,2024,5,May,Himachal Pradesh,Rural,Miscellaneous,Transport and Communication,157.2,-0.69,F
2012,2024,5,May,Himachal Pradesh,Urban,Miscellaneous,Transport and Communication,151.9,0.66,F
2012,2024,5,May,Himachal Pradesh,Combined,Miscellaneous,Transport and Communication,156.2,-0.51,F
2012,2024,5,May,Jammu & Kashmir,Rural,Miscellaneous,Transport and Communication,190.6,2.92,F
2012,2024,5,May,Jammu & Kashmir,Urban,Miscellaneous,Transport and Communication,170.1,0.06,F
2012,2024,5,May,Jammu & Kashmir,Combined,Miscellaneous,Transport and Communication,182.4,1.84,F
2012,2024,5,May,Jharkhand,Rural,Miscellaneous,Transport and Communication,168.9,0.36,F
2012,2024,5,May,Jharkhand,Urban,Miscellaneous,Transport and Communication,161.0,0.00,F
2012,2024,5,May,Jharkhand,Combined,Miscellaneous,Transport and Communication,165.3,0.18,F
2012,2024,5,May,Karnataka,Rural,Miscellaneous,Transport and Communication,166.5,1.65,F
2012,2024,5,May,Karnataka,Urban,Miscellaneous,Transport and Communication,158.0,0.96,F
2012,2024,5,May,Karnataka,Combined,Miscellaneous,Transport and Communication,161.5,1.25,F
2012,2024,5,May,Kerala,Rural,Miscellaneous,Transport and Communication,181.7,1.85,F
2012,2024,5,May,Kerala,Urban,Miscellaneous,Transport and Communication,170.1,0.18,F
2012,2024,5,May,Kerala,Combined,Miscellaneous,Transport and Communication,177.1,1.20,F
2012,2024,5,May,Madhya Pradesh,Rural,Miscellaneous,Transport and Communication,172.0,0.82,F
2012,2024,5,May,Madhya Pradesh,Urban,Miscellaneous,Transport and Communication,163.6,0.49,F
2012,2024,5,May,Madhya Pradesh,Combined,Miscellaneous,Transport and Communication,167.8,0.66,F
2012,2024,5,May,Maharashtra,Rural,Miscellaneous,Transport and Communication,167.9,0.72,F
2012,2024,5,May,Maharashtra,Urban,Miscellaneous,Transport and Communication,161.5,1.06,F
2012,2024,5,May,Maharashtra,Combined,Miscellaneous,Transport and Communication,163.4,0.93,F
2012,2024,5,May,Odisha,Rural,Miscellaneous,Transport and Communication,179.1,1.07,F
2012,2024,5,May,Odisha,Urban,Miscellaneous,Transport and Communication,154.4,0.39,F
2012,2024,5,May,Odisha,Combined,Miscellaneous,Transport and Communication,169.3,0.77,F
2012,2024,5,May,Punjab,Rural,Miscellaneous,Transport and Communication,167.2,1.70,F
2012,2024,5,May,Punjab,Urban,Miscellaneous,Transport and Communication,155.0,2.18,F
2012,2024,5,May,Punjab,Combined,Miscellaneous,Transport and Communication,162.1,1.95,F
2012,2024,5,May,Rajasthan,Rural,Miscellaneous,Transport and Communication,166.7,0.36,F
2012,2024,5,May,Rajasthan,Urban,Miscellaneous,Transport and Communication,157.3,-1.13,F
2012,2024,5,May,Rajasthan,Combined,Miscellaneous,Transport and Communication,162.8,-0.25,F
2012,2024,5,May,Tamil Nadu,Rural,Miscellaneous,Transport and Communication,169.2,1.62,F
2012,2024,5,May,Tamil Nadu,Urban,Miscellaneous,Transport and Communication,161.0,0.44,F
2012,2024,5,May,Tamil Nadu,Combined,Miscellaneous,Transport and Communication,164.3,0.92,F
2012,2024,5,May,Telangana,Rural,Miscellaneous,Transport and Communication,185.3,1.76,F
2012,2024,5,May,Telangana,Urban,Miscellaneous,Transport and Communication,164.9,0.73,F
2012,2024,5,May,Telangana,Combined,Miscellaneous,Transport and Communication,173.2,1.17,F
2012,2024,5,May,Uttarakhand,Rural,Miscellaneous,Transport and Communication,180.9,3.49,F
2012,2024,5,May,Uttarakhand,Urban,Miscellaneous,Transport and Communication,148.6,1.85,F
2012,2024,5,May,Uttarakhand,Combined,Miscellaneous,Transport and Communication,169.5,2.98,F
2012,2024,5,May,Uttar Pradesh,Rural,Miscellaneous,Transport and Communication,163.5,1.05,F
2012,2024,5,May,Uttar Pradesh,Urban,Miscellaneous,Transport and Communication,157.0,0.51,F
2012,2024,5,May,Uttar Pradesh,Combined,Miscellaneous,Transport and Communication,160.7,0.82,F
2012,2024,5,May,West Bengal,Rural,Miscellaneous,Transport and Communication,185.1,0.65,F
2012,2024,5,May,West Bengal,Urban,Miscellaneous,Transport and Communication,172.1,0.29,F
2012,2024,5,May,West Bengal,Combined,Miscellaneous,Transport and Communication,177.3,0.45,F
2012,2024,4,April,All India,Rural,Miscellaneous,Transport and Communication,171.8,1.42,F
2012,2024,4,April,All India,Urban,Miscellaneous,Transport and Communication,161.4,0.81,F
2012,2024,4,April,All India,Combined,Miscellaneous,Transport and Communication,166.3,1.09,F
2012,2024,4,April,Andhra Pradesh,Rural,Miscellaneous,Transport and Communication,190.6,1.11,F
2012,2024,4,April,Andhra Pradesh,Urban,Miscellaneous,Transport and Communication,174.8,0.06,F
2012,2024,4,April,Andhra Pradesh,Combined,Miscellaneous,Transport and Communication,184.3,0.71,F
2012,2024,4,April,Assam,Rural,Miscellaneous,Transport and Communication,170.7,1.49,F
2012,2024,4,April,Assam,Urban,Miscellaneous,Transport and Communication,156.9,0.97,F
2012,2024,4,April,Assam,Combined,Miscellaneous,Transport and Communication,167.0,1.33,F
2012,2024,4,April,Bihar,Rural,Miscellaneous,Transport and Communication,170.4,0.83,F
2012,2024,4,April,Bihar,Urban,Miscellaneous,Transport and Communication,163.0,2.84,F
2012,2024,4,April,Bihar,Combined,Miscellaneous,Transport and Communication,169.0,1.20,F
2012,2024,4,April,Chhattisgarh,Rural,Miscellaneous,Transport and Communication,155.4,0.45,F
2012,2024,4,April,Chhattisgarh,Urban,Miscellaneous,Transport and Communication,152.6,-0.65,F
2012,2024,4,April,Chhattisgarh,Combined,Miscellaneous,Transport and Communication,154.1,-0.06,F
2012,2024,4,April,Delhi,Rural,Miscellaneous,Transport and Communication,141.4,-0.07,F
2012,2024,4,April,Delhi,Urban,Miscellaneous,Transport and Communication,158.2,-0.25,F
2012,2024,4,April,Delhi,Combined,Miscellaneous,Transport and Communication,156.8,-0.25,F
2012,2024,4,April,Gujarat,Rural,Miscellaneous,Transport and Communication,166.7,3.48,F
2012,2024,4,April,Gujarat,Urban,Miscellaneous,Transport and Communication,159.1,2.12,F
2012,2024,4,April,Gujarat,Combined,Miscellaneous,Transport and Communication,162.1,2.66,F
2012,2024,4,April,Haryana,Rural,Miscellaneous,Transport and Communication,174.2,1.99,F
2012,2024,4,April,Haryana,Urban,Miscellaneous,Transport and Communication,160.6,0.94,F
2012,2024,4,April,Haryana,Combined,Miscellaneous,Transport and Communication,167.1,1.46,F
2012,2024,4,April,Himachal Pradesh,Rural,Miscellaneous,Transport and Communication,157.1,-0.76,F
2012,2024,4,April,Himachal Pradesh,Urban,Miscellaneous,Transport and Communication,151.8,0.73,F
2012,2024,4,April,Himachal Pradesh,Combined,Miscellaneous,Transport and Communication,156.1,-0.51,F
2012,2024,4,April,Jammu & Kashmir,Rural,Miscellaneous,Transport and Communication,192.0,4.92,F
2012,2024,4,April,Jammu & Kashmir,Urban,Miscellaneous,Transport and Communication,170.6,1.49,F
2012,2024,4,April,Jammu & Kashmir,Combined,Miscellaneous,Transport and Communication,183.4,3.62,F
2012,2024,4,April,Jharkhand,Rural,Miscellaneous,Transport and Communication,168.7,0.36,F
2012,2024,4,April,Jharkhand,Urban,Miscellaneous,Transport and Communication,160.6,-0.37,F
2012,2024,4,April,Jharkhand,Combined,Miscellaneous,Transport and Communication,165.0,0.00,F
2012,2024,4,April,Karnataka,Rural,Miscellaneous,Transport and Communication,166.6,1.96,F
2012,2024,4,April,Karnataka,Urban,Miscellaneous,Transport and Communication,158.0,1.22,F
2012,2024,4,April,Karnataka,Combined,Miscellaneous,Transport and Communication,161.6,1.57,F
2012,2024,4,April,Kerala,Rural,Miscellaneous,Transport and Communication,181.1,1.46,F
2012,2024,4,April,Kerala,Urban,Miscellaneous,Transport and Communication,170.2,0.83,F
2012,2024,4,April,Kerala,Combined,Miscellaneous,Transport and Communication,176.8,1.20,F
2012,2024,4,April,Madhya Pradesh,Rural,Miscellaneous,Transport and Communication,171.9,0.88,F
2012,2024,4,April,Madhya Pradesh,Urban,Miscellaneous,Transport and Communication,162.9,0.74,F
2012,2024,4,April,Madhya Pradesh,Combined,Miscellaneous,Transport and Communication,167.4,0.78,F
2012,2024,4,April,Maharashtra,Rural,Miscellaneous,Transport and Communication,168.0,1.02,F
2012,2024,4,April,Maharashtra,Urban,Miscellaneous,Transport and Communication,161.3,1.00,F
2012,2024,4,April,Maharashtra,Combined,Miscellaneous,Transport and Communication,163.3,0.99,F
2012,2024,4,April,Odisha,Rural,Miscellaneous,Transport and Communication,178.8,0.96,F
2012,2024,4,April,Odisha,Urban,Miscellaneous,Transport and Communication,154.1,0.20,F
2012,2024,4,April,Odisha,Combined,Miscellaneous,Transport and Communication,169.0,0.66,F
2012,2024,4,April,Punjab,Rural,Miscellaneous,Transport and Communication,167.0,1.77,F
2012,2024,4,April,Punjab,Urban,Miscellaneous,Transport and Communication,154.9,2.24,F
2012,2024,4,April,Punjab,Combined,Miscellaneous,Transport and Communication,161.9,1.95,F
2012,2024,4,April,Rajasthan,Rural,Miscellaneous,Transport and Communication,167.8,1.15,F
2012,2024,4,April,Rajasthan,Urban,Miscellaneous,Transport and Communication,157.5,-1.07,F
2012,2024,4,April,Rajasthan,Combined,Miscellaneous,Transport and Communication,163.6,0.31,F
2012,2024,4,April,Tamil Nadu,Rural,Miscellaneous,Transport and Communication,169.1,1.56,F
2012,2024,4,April,Tamil Nadu,Urban,Miscellaneous,Transport and Communication,160.9,0.50,F
2012,2024,4,April,Tamil Nadu,Combined,Miscellaneous,Transport and Communication,164.2,0.92,F
2012,2024,4,April,Telangana,Rural,Miscellaneous,Transport and Communication,184.8,1.59,F
2012,2024,4,April,Telangana,Urban,Miscellaneous,Transport and Communication,164.5,0.67,F
2012,2024,4,April,Telangana,Combined,Miscellaneous,Transport and Communication,172.8,1.05,F
2012,2024,4,April,Uttarakhand,Rural,Miscellaneous,Transport and Communication,180.4,3.74,F
2012,2024,4,April,Uttarakhand,Urban,Miscellaneous,Transport and Communication,148.2,1.65,F
2012,2024,4,April,Uttarakhand,Combined,Miscellaneous,Transport and Communication,169.0,3.11,F
2012,2024,4,April,Uttar Pradesh,Rural,Miscellaneous,Transport and Communication,163.4,1.18,F
2012,2024,4,April,Uttar Pradesh,Urban,Miscellaneous,Transport and Communication,157.4,1.55,F
2012,2024,4,April,Uttar Pradesh,Combined,Miscellaneous,Transport and Communication,160.8,1.32,F
2012,2024,4,April,West Bengal,Rural,Miscellaneous,Transport and Communication,184.8,0.54,F
2012,2024,4,April,West Bengal,Urban,Miscellaneous,Transport and Communication,172.1,0.17,F
2012,2024,4,April,West Bengal,Combined,Miscellaneous,Transport and Communication,177.2,0.34,F
2012,2024,3,March,All India,Rural,Miscellaneous,Transport and Communication,172.0,1.78,F
2012,2024,3,March,All India,Urban,Miscellaneous,Transport and Communication,161.9,1.31,F
2012,2024,3,March,All India,Combined,Miscellaneous,Transport and Communication,166.7,1.52,F
2012,2024,3,March,Andhra Pradesh,Rural,Miscellaneous,Transport and Communication,190.8,1.71,F
2012,2024,3,March,Andhra Pradesh,Urban,Miscellaneous,Transport and Communication,175.3,0.17,F
2012,2024,3,March,Andhra Pradesh,Combined,Miscellaneous,Transport and Communication,184.6,1.15,F
2012,2024,3,March,Assam,Rural,Miscellaneous,Transport and Communication,170.6,1.55,F
2012,2024,3,March,Assam,Urban,Miscellaneous,Transport and Communication,156.8,1.49,F
2012,2024,3,March,Assam,Combined,Miscellaneous,Transport and Communication,166.9,1.52,F
2012,2024,3,March,Bihar,Rural,Miscellaneous,Transport and Communication,171.1,1.60,F
2012,2024,3,March,Bihar,Urban,Miscellaneous,Transport and Communication,162.9,2.97,F
2012,2024,3,March,Bihar,Combined,Miscellaneous,Transport and Communication,169.6,1.86,F
2012,2024,3,March,Chhattisgarh,Rural,Miscellaneous,Transport and Communication,155.7,0.78,F
2012,2024,3,March,Chhattisgarh,Urban,Miscellaneous,Transport and Communication,153.7,0.00,F
2012,2024,3,March,Chhattisgarh,Combined,Miscellaneous,Transport and Communication,154.8,0.45,F
2012,2024,3,March,Delhi,Rural,Miscellaneous,Transport and Communication,141.7,0.14,F
2012,2024,3,March,Delhi,Urban,Miscellaneous,Transport and Communication,158.4,-0.06,F
2012,2024,3,March,Delhi,Combined,Miscellaneous,Transport and Communication,157.0,-0.06,F
2012,2024,3,March,Gujarat,Rural,Miscellaneous,Transport and Communication,167.2,3.85,F
2012,2024,3,March,Gujarat,Urban,Miscellaneous,Transport and Communication,159.7,2.63,F
2012,2024,3,March,Gujarat,Combined,Miscellaneous,Transport and Communication,162.6,3.11,F
2012,2024,3,March,Haryana,Rural,Miscellaneous,Transport and Communication,173.5,2.30,F
2012,2024,3,March,Haryana,Urban,Miscellaneous,Transport and Communication,160.5,1.45,F
2012,2024,3,March,Haryana,Combined,Miscellaneous,Transport and Communication,166.7,1.83,F
2012,2024,3,March,Himachal Pradesh,Rural,Miscellaneous,Transport and Communication,157.3,-0.25,F
2012,2024,3,March,Himachal Pradesh,Urban,Miscellaneous,Transport and Communication,151.5,0.66,F
2012,2024,3,March,Himachal Pradesh,Combined,Miscellaneous,Transport and Communication,156.3,-0.06,F
2012,2024,3,March,Jammu & Kashmir,Rural,Miscellaneous,Transport and Communication,190.3,4.10,F
2012,2024,3,March,Jammu & Kashmir,Urban,Miscellaneous,Transport and Communication,170.8,3.02,F
2012,2024,3,March,Jammu & Kashmir,Combined,Miscellaneous,Transport and Communication,182.5,3.69,F
2012,2024,3,March,Jharkhand,Rural,Miscellaneous,Transport and Communication,169.0,0.72,F
2012,2024,3,March,Jharkhand,Urban,Miscellaneous,Transport and Communication,161.2,0.44,F
2012,2024,3,March,Jharkhand,Combined,Miscellaneous,Transport and Communication,165.5,0.61,F
2012,2024,3,March,Karnataka,Rural,Miscellaneous,Transport and Communication,166.6,1.90,F
2012,2024,3,March,Karnataka,Urban,Miscellaneous,Transport and Communication,158.5,1.54,F
2012,2024,3,March,Karnataka,Combined,Miscellaneous,Transport and Communication,161.8,1.63,F
2012,2024,3,March,Kerala,Rural,Miscellaneous,Transport and Communication,181.7,2.31,F
2012,2024,3,March,Kerala,Urban,Miscellaneous,Transport and Communication,171.6,3.00,F
2012,2024,3,March,Kerala,Combined,Miscellaneous,Transport and Communication,177.7,2.54,F
2012,2024,3,March,Madhya Pradesh,Rural,Miscellaneous,Transport and Communication,172.3,1.12,F
2012,2024,3,March,Madhya Pradesh,Urban,Miscellaneous,Transport and Communication,162.9,0.80,F
2012,2024,3,March,Madhya Pradesh,Combined,Miscellaneous,Transport and Communication,167.6,0.96,F
2012,2024,3,March,Maharashtra,Rural,Miscellaneous,Transport and Communication,168.4,1.38,F
2012,2024,3,March,Maharashtra,Urban,Miscellaneous,Transport and Communication,161.5,1.13,F
2012,2024,3,March,Maharashtra,Combined,Miscellaneous,Transport and Communication,163.6,1.24,F
2012,2024,3,March,Odisha,Rural,Miscellaneous,Transport and Communication,179.3,1.64,F
2012,2024,3,March,Odisha,Urban,Miscellaneous,Transport and Communication,154.5,0.65,F
2012,2024,3,March,Odisha,Combined,Miscellaneous,Transport and Communication,169.5,1.25,F
2012,2024,3,March,Punjab,Rural,Miscellaneous,Transport and Communication,166.9,2.08,F
2012,2024,3,March,Punjab,Urban,Miscellaneous,Transport and Communication,155.1,2.38,F
2012,2024,3,March,Punjab,Combined,Miscellaneous,Transport and Communication,161.9,2.21,F
2012,2024,3,March,Rajasthan,Rural,Miscellaneous,Transport and Communication,167.6,1.21,F
2012,2024,3,March,Rajasthan,Urban,Miscellaneous,Transport and Communication,159.9,0.57,F
2012,2024,3,March,Rajasthan,Combined,Miscellaneous,Transport and Communication,164.4,0.92,F
2012,2024,3,March,Tamil Nadu,Rural,Miscellaneous,Transport and Communication,169.6,2.29,F
2012,2024,3,March,Tamil Nadu,Urban,Miscellaneous,Transport and Communication,161.0,0.69,F
2012,2024,3,March,Tamil Nadu,Combined,Miscellaneous,Transport and Communication,164.5,1.36,F
2012,2024,3,March,Telangana,Rural,Miscellaneous,Transport and Communication,184.7,1.65,F
2012,2024,3,March,Telangana,Urban,Miscellaneous,Transport and Communication,164.9,0.92,F
2012,2024,3,March,Telangana,Combined,Miscellaneous,Transport and Communication,173.0,1.23,F
2012,2024,3,March,Uttarakhand,Rural,Miscellaneous,Transport and Communication,180.8,3.91,F
2012,2024,3,March,Uttarakhand,Urban,Miscellaneous,Transport and Communication,148.6,2.27,F
2012,2024,3,March,Uttarakhand,Combined,Miscellaneous,Transport and Communication,169.4,3.42,F
2012,2024,3,March,Uttar Pradesh,Rural,Miscellaneous,Transport and Communication,163.5,1.62,F
2012,2024,3,March,Uttar Pradesh,Urban,Miscellaneous,Transport and Communication,157.9,2.13,F
2012,2024,3,March,Uttar Pradesh,Combined,Miscellaneous,Transport and Communication,161.1,1.83,F
2012,2024,3,March,West Bengal,Rural,Miscellaneous,Transport and Communication,184.8,0.65,F
2012,2024,3,March,West Bengal,Urban,Miscellaneous,Transport and Communication,172.3,0.41,F
2012,2024,3,March,West Bengal,Combined,Miscellaneous,Transport and Communication,177.3,0.51,F
2012,2024,2,February,All India,Rural,Miscellaneous,Transport and Communication,172.2,2.07,F
2012,2024,2,February,All India,Urban,Miscellaneous,Transport and Communication,162.3,1.63,F
2012,2024,2,February,All India,Combined,Miscellaneous,Transport and Communication,167.0,1.83,F
2012,2024,2,February,Andhra Pradesh,Rural,Miscellaneous,Transport and Communication,191.4,2.08,F
2012,2024,2,February,Andhra Pradesh,Urban,Miscellaneous,Transport and Communication,175.5,0.34,F
2012,2024,2,February,Andhra Pradesh,Combined,Miscellaneous,Transport and Communication,185.0,1.43,F
2012,2024,2,February,Assam,Rural,Miscellaneous,Transport and Communication,170.5,1.43,F
2012,2024,2,February,Assam,Urban,Miscellaneous,Transport and Communication,157.1,1.75,F
2012,2024,2,February,Assam,Combined,Miscellaneous,Transport and Communication,166.9,1.46,F
2012,2024,2,February,Bihar,Rural,Miscellaneous,Transport and Communication,171.3,1.78,F
2012,2024,2,February,Bihar,Urban,Miscellaneous,Transport and Communication,163.1,3.23,F
2012,2024,2,February,Bihar,Combined,Miscellaneous,Transport and Communication,169.8,2.04,F
2012,2024,2,February,Chhattisgarh,Rural,Miscellaneous,Transport and Communication,155.8,1.17,F
2012,2024,2,February,Chhattisgarh,Urban,Miscellaneous,Transport and Communication,154.3,0.65,F
2012,2024,2,February,Chhattisgarh,Combined,Miscellaneous,Transport and Communication,155.1,0.91,F
2012,2024,2,February,Delhi,Rural,Miscellaneous,Transport and Communication,142.2,0.57,F
2012,2024,2,February,Delhi,Urban,Miscellaneous,Transport and Communication,159.1,0.44,F
2012,2024,2,February,Delhi,Combined,Miscellaneous,Transport and Communication,157.7,0.45,F
2012,2024,2,February,Gujarat,Rural,Miscellaneous,Transport and Communication,167.4,4.10,F
2012,2024,2,February,Gujarat,Urban,Miscellaneous,Transport and Communication,160.1,3.22,F
2012,2024,2,February,Gujarat,Combined,Miscellaneous,Transport and Communication,163.0,3.62,F
2012,2024,2,February,Haryana,Rural,Miscellaneous,Transport and Communication,173.9,2.54,F
2012,2024,2,February,Haryana,Urban,Miscellaneous,Transport and Communication,160.9,2.03,F
2012,2024,2,February,Haryana,Combined,Miscellaneous,Transport and Communication,167.1,2.26,F
2012,2024,2,February,Himachal Pradesh,Rural,Miscellaneous,Transport and Communication,157.5,-0.19,F
2012,2024,2,February,Himachal Pradesh,Urban,Miscellaneous,Transport and Communication,151.7,1.07,F
2012,2024,2,February,Himachal Pradesh,Combined,Miscellaneous,Transport and Communication,156.5,0.06,F
2012,2024,2,February,Jammu & Kashmir,Rural,Miscellaneous,Transport and Communication,189.8,4.23,F
2012,2024,2,February,Jammu & Kashmir,Urban,Miscellaneous,Transport and Communication,170.4,3.27,F
2012,2024,2,February,Jammu & Kashmir,Combined,Miscellaneous,Transport and Communication,182.0,3.82,F
2012,2024,2,February,Jharkhand,Rural,Miscellaneous,Transport and Communication,169.3,0.95,F
2012,2024,2,February,Jharkhand,Urban,Miscellaneous,Transport and Communication,161.4,0.75,F
2012,2024,2,February,Jharkhand,Combined,Miscellaneous,Transport and Communication,165.7,0.85,F
2012,2024,2,February,Karnataka,Rural,Miscellaneous,Transport and Communication,166.7,2.08,F
2012,2024,2,February,Karnataka,Urban,Miscellaneous,Transport and Communication,158.9,1.86,F
2012,2024,2,February,Karnataka,Combined,Miscellaneous,Transport and Communication,162.1,1.95,F
2012,2024,2,February,Kerala,Rural,Miscellaneous,Transport and Communication,181.6,2.25,F
2012,2024,2,February,Kerala,Urban,Miscellaneous,Transport and Communication,172.5,3.48,F
2012,2024,2,February,Kerala,Combined,Miscellaneous,Transport and Communication,178.0,2.71,F
2012,2024,2,February,Madhya Pradesh,Rural,Miscellaneous,Transport and Communication,172.3,1.29,F
2012,2024,2,February,Madhya Pradesh,Urban,Miscellaneous,Transport and Communication,163.4,1.49,F
2012,2024,2,February,Madhya Pradesh,Combined,Miscellaneous,Transport and Communication,167.9,1.39,F
2012,2024,2,February,Maharashtra,Rural,Miscellaneous,Transport and Communication,168.3,1.75,F
2012,2024,2,February,Maharashtra,Urban,Miscellaneous,Transport and Communication,161.7,0.94,F
2012,2024,2,February,Maharashtra,Combined,Miscellaneous,Transport and Communication,163.7,1.17,F
2012,2024,2,February,Odisha,Rural,Miscellaneous,Transport and Communication,179.6,1.87,F
2012,2024,2,February,Odisha,Urban,Miscellaneous,Transport and Communication,155.1,1.11,F
2012,2024,2,February,Odisha,Combined,Miscellaneous,Transport and Communication,169.9,1.55,F
2012,2024,2,February,Punjab,Rural,Miscellaneous,Transport and Communication,167.2,2.58,F
2012,2024,2,February,Punjab,Urban,Miscellaneous,Transport and Communication,155.3,2.78,F
2012,2024,2,February,Punjab,Combined,Miscellaneous,Transport and Communication,162.2,2.66,F
2012,2024,2,February,Rajasthan,Rural,Miscellaneous,Transport and Communication,168.4,1.75,F
2012,2024,2,February,Rajasthan,Urban,Miscellaneous,Transport and Communication,160.9,1.32,F
2012,2024,2,February,Rajasthan,Combined,Miscellaneous,Transport and Communication,165.3,1.60,F
2012,2024,2,February,Tamil Nadu,Rural,Miscellaneous,Transport and Communication,169.7,2.41,F
2012,2024,2,February,Tamil Nadu,Urban,Miscellaneous,Transport and Communication,161.4,1.06,F
2012,2024,2,February,Tamil Nadu,Combined,Miscellaneous,Transport and Communication,164.7,1.60,F
2012,2024,2,February,Telangana,Rural,Miscellaneous,Transport and Communication,185.0,1.59,F
2012,2024,2,February,Telangana,Urban,Miscellaneous,Transport and Communication,165.5,1.47,F
2012,2024,2,February,Telangana,Combined,Miscellaneous,Transport and Communication,173.5,1.52,F
2012,2024,2,February,Uttarakhand,Rural,Miscellaneous,Transport and Communication,179.8,3.27,F
2012,2024,2,February,Uttarakhand,Urban,Miscellaneous,Transport and Communication,148.3,2.28,F
2012,2024,2,February,Uttarakhand,Combined,Miscellaneous,Transport and Communication,168.6,2.93,F
2012,2024,2,February,Uttar Pradesh,Rural,Miscellaneous,Transport and Communication,163.9,2.31,F
2012,2024,2,February,Uttar Pradesh,Urban,Miscellaneous,Transport and Communication,158.4,2.52,F
2012,2024,2,February,Uttar Pradesh,Combined,Miscellaneous,Transport and Communication,161.5,2.41,F
2012,2024,2,February,West Bengal,Rural,Miscellaneous,Transport and Communication,184.8,0.76,F
2012,2024,2,February,West Bengal,Urban,Miscellaneous,Transport and Communication,172.5,0.58,F
2012,2024,2,February,West Bengal,Combined,Miscellaneous,Transport and Communication,177.4,0.62,F
2012,2024,1,January,All India,Rural,Miscellaneous,Transport and Communication,172.0,2.26,F
2012,2024,1,January,All India,Urban,Miscellaneous,Transport and Communication,162.1,1.63,F
2012,2024,1,January,All India,Combined,Miscellaneous,Transport and Communication,166.8,1.96,F
2012,2024,1,January,Andhra Pradesh,Rural,Miscellaneous,Transport and Communication,190.9,1.81,F
2012,2024,1,January,Andhra Pradesh,Urban,Miscellaneous,Transport and Communication,175.7,0.69,F
2012,2024,1,January,Andhra Pradesh,Combined,Miscellaneous,Transport and Communication,184.8,1.37,F
2012,2024,1,January,Assam,Rural,Miscellaneous,Transport and Communication,171.6,2.14,F
2012,2024,1,January,Assam,Urban,Miscellaneous,Transport and Communication,157.1,1.88,F
2012,2024,1,January,Assam,Combined,Miscellaneous,Transport and Communication,167.7,2.07,F
2012,2024,1,January,Bihar,Rural,Miscellaneous,Transport and Communication,171.0,1.73,F
2012,2024,1,January,Bihar,Urban,Miscellaneous,Transport and Communication,162.8,3.30,F
2012,2024,1,January,Bihar,Combined,Miscellaneous,Transport and Communication,169.5,2.05,F
2012,2024,1,January,Chhattisgarh,Rural,Miscellaneous,Transport and Communication,155.4,0.39,F
2012,2024,1,January,Chhattisgarh,Urban,Miscellaneous,Transport and Communication,154.3,0.59,F
2012,2024,1,January,Chhattisgarh,Combined,Miscellaneous,Transport and Communication,154.9,0.52,F
2012,2024,1,January,Delhi,Rural,Miscellaneous,Transport and Communication,142.1,0.57,F
2012,2024,1,January,Delhi,Urban,Miscellaneous,Transport and Communication,159.0,0.82,F
2012,2024,1,January,Delhi,Combined,Miscellaneous,Transport and Communication,157.6,0.77,F
2012,2024,1,January,Gujarat,Rural,Miscellaneous,Transport and Communication,167.2,4.30,F
2012,2024,1,January,Gujarat,Urban,Miscellaneous,Transport and Communication,159.9,3.36,F
2012,2024,1,January,Gujarat,Combined,Miscellaneous,Transport and Communication,162.8,3.76,F
2012,2024,1,January,Haryana,Rural,Miscellaneous,Transport and Communication,173.9,2.66,F
2012,2024,1,January,Haryana,Urban,Miscellaneous,Transport and Communication,160.8,2.42,F
2012,2024,1,January,Haryana,Combined,Miscellaneous,Transport and Communication,167.1,2.58,F
2012,2024,1,January,Himachal Pradesh,Rural,Miscellaneous,Transport and Communication,157.6,0.06,F
2012,2024,1,January,Himachal Pradesh,Urban,Miscellaneous,Transport and Communication,151.8,0.93,F
2012,2024,1,January,Himachal Pradesh,Combined,Miscellaneous,Transport and Communication,156.6,0.26,F
2012,2024,1,January,Jammu & Kashmir,Rural,Miscellaneous,Transport and Communication,186.6,2.19,F
2012,2024,1,January,Jammu & Kashmir,Urban,Miscellaneous,Transport and Communication,170.4,3.09,F
2012,2024,1,January,Jammu & Kashmir,Combined,Miscellaneous,Transport and Communication,180.1,2.50,F
2012,2024,1,January,Jharkhand,Rural,Miscellaneous,Transport and Communication,169.3,1.01,F
2012,2024,1,January,Jharkhand,Urban,Miscellaneous,Transport and Communication,161.4,0.75,F
2012,2024,1,January,Jharkhand,Combined,Miscellaneous,Transport and Communication,165.7,0.91,F
2012,2024,1,January,Karnataka,Rural,Miscellaneous,Transport and Communication,166.1,1.78,F
2012,2024,1,January,Karnataka,Urban,Miscellaneous,Transport and Communication,158.6,1.93,F
2012,2024,1,January,Karnataka,Combined,Miscellaneous,Transport and Communication,161.7,1.89,F
2012,2024,1,January,Kerala,Rural,Miscellaneous,Transport and Communication,181.6,3.30,F
2012,2024,1,January,Kerala,Urban,Miscellaneous,Transport and Communication,172.0,3.86,F
2012,2024,1,January,Kerala,Combined,Miscellaneous,Transport and Communication,177.8,3.49,F
2012,2024,1,January,Madhya Pradesh,Rural,Miscellaneous,Transport and Communication,172.2,1.35,F
2012,2024,1,January,Madhya Pradesh,Urban,Miscellaneous,Transport and Communication,163.0,1.31,F
2012,2024,1,January,Madhya Pradesh,Combined,Miscellaneous,Transport and Communication,167.6,1.33,F
2012,2024,1,January,Maharashtra,Rural,Miscellaneous,Transport and Communication,168.2,1.75,F
2012,2024,1,January,Maharashtra,Urban,Miscellaneous,Transport and Communication,161.4,0.31,F
2012,2024,1,January,Maharashtra,Combined,Miscellaneous,Transport and Communication,163.4,0.74,F
2012,2024,1,January,Odisha,Rural,Miscellaneous,Transport and Communication,179.4,2.16,F
2012,2024,1,January,Odisha,Urban,Miscellaneous,Transport and Communication,154.9,1.18,F
2012,2024,1,January,Odisha,Combined,Miscellaneous,Transport and Communication,169.7,1.80,F
2012,2024,1,January,Punjab,Rural,Miscellaneous,Transport and Communication,167.2,2.70,F
2012,2024,1,January,Punjab,Urban,Miscellaneous,Transport and Communication,155.1,2.99,F
2012,2024,1,January,Punjab,Combined,Miscellaneous,Transport and Communication,162.1,2.79,F
2012,2024,1,January,Rajasthan,Rural,Miscellaneous,Transport and Communication,167.9,1.51,F
2012,2024,1,January,Rajasthan,Urban,Miscellaneous,Transport and Communication,160.8,1.39,F
2012,2024,1,January,Rajasthan,Combined,Miscellaneous,Transport and Communication,165.0,1.48,F
2012,2024,1,January,Tamil Nadu,Rural,Miscellaneous,Transport and Communication,169.6,2.48,F
2012,2024,1,January,Tamil Nadu,Urban,Miscellaneous,Transport and Communication,161.2,0.94,F
2012,2024,1,January,Tamil Nadu,Combined,Miscellaneous,Transport and Communication,164.6,1.60,F
2012,2024,1,January,Telangana,Rural,Miscellaneous,Transport and Communication,185.0,1.82,F
2012,2024,1,January,Telangana,Urban,Miscellaneous,Transport and Communication,165.5,1.47,F
2012,2024,1,January,Telangana,Combined,Miscellaneous,Transport and Communication,173.5,1.64,F
2012,2024,1,January,Uttarakhand,Rural,Miscellaneous,Transport and Communication,179.3,2.99,F
2012,2024,1,January,Uttarakhand,Urban,Miscellaneous,Transport and Communication,147.8,2.21,F
2012,2024,1,January,Uttarakhand,Combined,Miscellaneous,Transport and Communication,168.1,2.75,F
2012,2024,1,January,Uttar Pradesh,Rural,Miscellaneous,Transport and Communication,163.8,3.21,F
2012,2024,1,January,Uttar Pradesh,Urban,Miscellaneous,Transport and Communication,158.2,2.86,F
2012,2024,1,January,Uttar Pradesh,Combined,Miscellaneous,Transport and Communication,161.4,3.07,F
2012,2024,1,January,West Bengal,Rural,Miscellaneous,Transport and Communication,184.7,1.26,F
2012,2024,1,January,West Bengal,Urban,Miscellaneous,Transport and Communication,172.4,0.64,F
2012,2024,1,January,West Bengal,Combined,Miscellaneous,Transport and Communication,177.3,0.91,F
2012,2023,12,December,All India,Rural,Miscellaneous,Transport and Communication,171.8,2.38,F
2012,2023,12,December,All India,Urban,Miscellaneous,Transport and Communication,161.9,1.57,F
2012,2023,12,December,All India,Combined,Miscellaneous,Transport and Communication,166.6,1.96,F
2012,2023,12,December,Andhra Pradesh,Rural,Miscellaneous,Transport and Communication,191.0,1.98,F
2012,2023,12,December,Andhra Pradesh,Urban,Miscellaneous,Transport and Communication,175.5,0.69,F
2012,2023,12,December,Andhra Pradesh,Combined,Miscellaneous,Transport and Communication,184.8,1.48,F
2012,2023,12,December,Assam,Rural,Miscellaneous,Transport and Communication,170.3,1.49,F
2012,2023,12,December,Assam,Urban,Miscellaneous,Transport and Communication,157.2,2.08,F
2012,2023,12,December,Assam,Combined,Miscellaneous,Transport and Communication,166.8,1.65,F
2012,2023,12,December,Bihar,Rural,Miscellaneous,Transport and Communication,170.8,1.55,F
2012,2023,12,December,Bihar,Urban,Miscellaneous,Transport and Communication,162.5,2.98,F
2012,2023,12,December,Bihar,Combined,Miscellaneous,Transport and Communication,169.2,1.81,F
2012,2023,12,December,Chhattisgarh,Rural,Miscellaneous,Transport and Communication,155.2,0.39,F
2012,2023,12,December,Chhattisgarh,Urban,Miscellaneous,Transport and Communication,154.3,0.78,F
2012,2023,12,December,Chhattisgarh,Combined,Miscellaneous,Transport and Communication,154.8,0.58,F
2012,2023,12,December,Delhi,Rural,Miscellaneous,Transport and Communication,141.9,0.57,F
2012,2023,12,December,Delhi,Urban,Miscellaneous,Transport and Communication,159.0,1.08,F
2012,2023,12,December,Delhi,Combined,Miscellaneous,Transport and Communication,157.6,1.03,F
2012,2023,12,December,Gujarat,Rural,Miscellaneous,Transport and Communication,167.2,4.50,F
2012,2023,12,December,Gujarat,Urban,Miscellaneous,Transport and Communication,159.9,3.63,F
2012,2023,12,December,Gujarat,Combined,Miscellaneous,Transport and Communication,162.8,4.03,F
2012,2023,12,December,Haryana,Rural,Miscellaneous,Transport and Communication,173.5,2.72,F
2012,2023,12,December,Haryana,Urban,Miscellaneous,Transport and Communication,160.7,2.42,F
2012,2023,12,December,Haryana,Combined,Miscellaneous,Transport and Communication,166.8,2.58,F
2012,2023,12,December,Himachal Pradesh,Rural,Miscellaneous,Transport and Communication,157.6,0.13,F
2012,2023,12,December,Himachal Pradesh,Urban,Miscellaneous,Transport and Communication,151.9,1.47,F
2012,2023,12,December,Himachal Pradesh,Combined,Miscellaneous,Transport and Communication,156.6,0.38,F
2012,2023,12,December,Jammu & Kashmir,Rural,Miscellaneous,Transport and Communication,186.7,2.13,F
2012,2023,12,December,Jammu & Kashmir,Urban,Miscellaneous,Transport and Communication,170.5,3.15,F
2012,2023,12,December,Jammu & Kashmir,Combined,Miscellaneous,Transport and Communication,180.2,2.50,F
2012,2023,12,December,Jharkhand,Rural,Miscellaneous,Transport and Communication,169.1,0.96,F
2012,2023,12,December,Jharkhand,Urban,Miscellaneous,Transport and Communication,161.4,1.45,F
2012,2023,12,December,Jharkhand,Combined,Miscellaneous,Transport and Communication,165.6,1.16,F
2012,2023,12,December,Karnataka,Rural,Miscellaneous,Transport and Communication,165.7,1.66,F
2012,2023,12,December,Karnataka,Urban,Miscellaneous,Transport and Communication,158.4,1.80,F
2012,2023,12,December,Karnataka,Combined,Miscellaneous,Transport and Communication,161.4,1.70,F
2012,2023,12,December,Kerala,Rural,Miscellaneous,Transport and Communication,181.3,4.38,F
2012,2023,12,December,Kerala,Urban,Miscellaneous,Transport and Communication,171.5,4.13,F
2012,2023,12,December,Kerala,Combined,Miscellaneous,Transport and Communication,177.4,4.29,F
2012,2023,12,December,Madhya Pradesh,Rural,Miscellaneous,Transport and Communication,172.2,1.59,F
2012,2023,12,December,Madhya Pradesh,Urban,Miscellaneous,Transport and Communication,162.8,2.07,F
2012,2023,12,December,Madhya Pradesh,Combined,Miscellaneous,Transport and Communication,167.5,1.82,F
2012,2023,12,December,Maharashtra,Rural,Miscellaneous,Transport and Communication,168.1,1.63,F
2012,2023,12,December,Maharashtra,Urban,Miscellaneous,Transport and Communication,161.1,0.06,F
2012,2023,12,December,Maharashtra,Combined,Miscellaneous,Transport and Communication,163.2,0.55,F
2012,2023,12,December,Odisha,Rural,Miscellaneous,Transport and Communication,179.2,2.69,F
2012,2023,12,December,Odisha,Urban,Miscellaneous,Transport and Communication,154.7,1.31,F
2012,2023,12,December,Odisha,Combined,Miscellaneous,Transport and Communication,169.5,2.17,F
2012,2023,12,December,Punjab,Rural,Miscellaneous,Transport and Communication,167.0,3.02,F
2012,2023,12,December,Punjab,Urban,Miscellaneous,Transport and Communication,155.4,3.26,F
2012,2023,12,December,Punjab,Combined,Miscellaneous,Transport and Communication,162.1,3.12,F
2012,2023,12,December,Rajasthan,Rural,Miscellaneous,Transport and Communication,167.8,1.76,F
2012,2023,12,December,Rajasthan,Urban,Miscellaneous,Transport and Communication,160.8,1.52,F
2012,2023,12,December,Rajasthan,Combined,Miscellaneous,Transport and Communication,164.9,1.66,F
2012,2023,12,December,Tamil Nadu,Rural,Miscellaneous,Transport and Communication,169.2,2.30,F
2012,2023,12,December,Tamil Nadu,Urban,Miscellaneous,Transport and Communication,160.9,0.75,F
2012,2023,12,December,Tamil Nadu,Combined,Miscellaneous,Transport and Communication,164.2,1.36,F
2012,2023,12,December,Telangana,Rural,Miscellaneous,Transport and Communication,185.0,1.93,F
2012,2023,12,December,Telangana,Urban,Miscellaneous,Transport and Communication,165.4,1.35,F
2012,2023,12,December,Telangana,Combined,Miscellaneous,Transport and Communication,173.4,1.58,F
2012,2023,12,December,Uttarakhand,Rural,Miscellaneous,Transport and Communication,177.8,2.30,F
2012,2023,12,December,Uttarakhand,Urban,Miscellaneous,Transport and Communication,146.8,1.94,F
2012,2023,12,December,Uttarakhand,Combined,Miscellaneous,Transport and Communication,166.8,2.21,F
2012,2023,12,December,Uttar Pradesh,Rural,Miscellaneous,Transport and Communication,163.6,3.22,F
2012,2023,12,December,Uttar Pradesh,Urban,Miscellaneous,Transport and Communication,158.2,2.53,F
2012,2023,12,December,Uttar Pradesh,Combined,Miscellaneous,Transport and Communication,161.3,2.94,F
2012,2023,12,December,West Bengal,Rural,Miscellaneous,Transport and Communication,184.7,1.43,F
2012,2023,12,December,West Bengal,Urban,Miscellaneous,Transport and Communication,172.3,0.76,F
2012,2023,12,December,West Bengal,Combined,Miscellaneous,Transport and Communication,177.3,1.08,F
2012,2023,11,November,All India,Rural,Miscellaneous,Transport and Communication,171.7,2.51,F
2012,2023,11,November,All India,Urban,Miscellaneous,Transport and Communication,161.7,1.76,F
2012,2023,11,November,All India,Combined,Miscellaneous,Transport and Communication,166.4,2.09,F
2012,2023,11,November,Andhra Pradesh,Rural,Miscellaneous,Transport and Communication,190.6,2.20,F
2012,2023,11,November,Andhra Pradesh,Urban,Miscellaneous,Transport and Communication,175.5,0.80,F
2012,2023,11,November,Andhra Pradesh,Combined,Miscellaneous,Transport and Communication,184.5,1.65,F
2012,2023,11,November,Assam,Rural,Miscellaneous,Transport and Communication,170.5,1.61,F
2012,2023,11,November,Assam,Urban,Miscellaneous,Transport and Communication,157.0,1.36,F
2012,2023,11,November,Assam,Combined,Miscellaneous,Transport and Communication,166.9,1.52,F
2012,2023,11,November,Bihar,Rural,Miscellaneous,Transport and Communication,170.5,1.43,F
2012,2023,11,November,Bihar,Urban,Miscellaneous,Transport and Communication,162.0,2.47,F
2012,2023,11,November,Bihar,Combined,Miscellaneous,Transport and Communication,168.9,1.62,F
2012,2023,11,November,Chhattisgarh,Rural,Miscellaneous,Transport and Communication,155.2,0.45,F
2012,2023,11,November,Chhattisgarh,Urban,Miscellaneous,Transport and Communication,153.9,0.46,F
2012,2023,11,November,Chhattisgarh,Combined,Miscellaneous,Transport and Communication,154.6,0.45,F
2012,2023,11,November,Delhi,Rural,Miscellaneous,Transport and Communication,141.9,0.64,F
2012,2023,11,November,Delhi,Urban,Miscellaneous,Transport and Communication,159.0,1.15,F
2012,2023,11,November,Delhi,Combined,Miscellaneous,Transport and Communication,157.6,1.09,F
2012,2023,11,November,Gujarat,Rural,Miscellaneous,Transport and Communication,167.1,4.57,F
2012,2023,11,November,Gujarat,Urban,Miscellaneous,Transport and Communication,159.6,3.77,F
2012,2023,11,November,Gujarat,Combined,Miscellaneous,Transport and Communication,162.5,4.03,F
2012,2023,11,November,Haryana,Rural,Miscellaneous,Transport and Communication,173.7,2.90,F
2012,2023,11,November,Haryana,Urban,Miscellaneous,Transport and Communication,160.3,1.97,F
2012,2023,11,November,Haryana,Combined,Miscellaneous,Transport and Communication,166.7,2.46,F
2012,2023,11,November,Himachal Pradesh,Rural,Miscellaneous,Transport and Communication,157.6,0.13,F
2012,2023,11,November,Himachal Pradesh,Urban,Miscellaneous,Transport and Communication,151.8,0.86,F
2012,2023,11,November,Himachal Pradesh,Combined,Miscellaneous,Transport and Communication,156.6,0.26,F
2012,2023,11,November,Jammu & Kashmir,Rural,Miscellaneous,Transport and Communication,186.6,2.13,F
2012,2023,11,November,Jammu & Kashmir,Urban,Miscellaneous,Transport and Communication,170.5,3.21,F
2012,2023,11,November,Jammu & Kashmir,Combined,Miscellaneous,Transport and Communication,180.2,2.56,F
2012,2023,11,November,Jharkhand,Rural,Miscellaneous,Transport and Communication,168.9,0.90,F
2012,2023,11,November,Jharkhand,Urban,Miscellaneous,Transport and Communication,161.4,1.57,F
2012,2023,11,November,Jharkhand,Combined,Miscellaneous,Transport and Communication,165.5,1.22,F
2012,2023,11,November,Karnataka,Rural,Miscellaneous,Transport and Communication,165.5,1.66,F
2012,2023,11,November,Karnataka,Urban,Miscellaneous,Transport and Communication,158.3,1.74,F
2012,2023,11,November,Karnataka,Combined,Miscellaneous,Transport and Communication,161.3,1.70,F
2012,2023,11,November,Kerala,Rural,Miscellaneous,Transport and Communication,181.5,4.55,F
2012,2023,11,November,Kerala,Urban,Miscellaneous,Transport and Communication,171.2,4.58,F
2012,2023,11,November,Kerala,Combined,Miscellaneous,Transport and Communication,177.4,4.54,F
2012,2023,11,November,Madhya Pradesh,Rural,Miscellaneous,Transport and Communication,171.8,1.48,F
2012,2023,11,November,Madhya Pradesh,Urban,Miscellaneous,Transport and Communication,162.9,2.84,F
2012,2023,11,November,Madhya Pradesh,Combined,Miscellaneous,Transport and Communication,167.4,2.14,F
2012,2023,11,November,Maharashtra,Rural,Miscellaneous,Transport and Communication,168.5,2.00,F
2012,2023,11,November,Maharashtra,Urban,Miscellaneous,Transport and Communication,160.8,0.37,F
2012,2023,11,November,Maharashtra,Combined,Miscellaneous,Transport and Communication,163.1,0.87,F
2012,2023,11,November,Odisha,Rural,Miscellaneous,Transport and Communication,179.2,3.17,F
2012,2023,11,November,Odisha,Urban,Miscellaneous,Transport and Communication,154.1,1.05,F
2012,2023,11,November,Odisha,Combined,Miscellaneous,Transport and Communication,169.3,2.42,F
2012,2023,11,November,Punjab,Rural,Miscellaneous,Transport and Communication,167.2,3.34,F
2012,2023,11,November,Punjab,Urban,Miscellaneous,Transport and Communication,155.1,3.68,F
2012,2023,11,November,Punjab,Combined,Miscellaneous,Transport and Communication,162.1,3.45,F
2012,2023,11,November,Rajasthan,Rural,Miscellaneous,Transport and Communication,167.8,2.07,F
2012,2023,11,November,Rajasthan,Urban,Miscellaneous,Transport and Communication,160.6,2.23,F
2012,2023,11,November,Rajasthan,Combined,Miscellaneous,Transport and Communication,164.8,2.11,F
2012,2023,11,November,Tamil Nadu,Rural,Miscellaneous,Transport and Communication,168.0,1.69,F
2012,2023,11,November,Tamil Nadu,Urban,Miscellaneous,Transport and Communication,160.7,0.75,F
2012,2023,11,November,Tamil Nadu,Combined,Miscellaneous,Transport and Communication,163.6,1.11,F
2012,2023,11,November,Telangana,Rural,Miscellaneous,Transport and Communication,184.8,2.50,F
2012,2023,11,November,Telangana,Urban,Miscellaneous,Transport and Communication,165.3,1.41,F
2012,2023,11,November,Telangana,Combined,Miscellaneous,Transport and Communication,173.3,1.88,F
2012,2023,11,November,Uttarakhand,Rural,Miscellaneous,Transport and Communication,177.9,2.42,F
2012,2023,11,November,Uttarakhand,Urban,Miscellaneous,Transport and Communication,146.5,1.95,F
2012,2023,11,November,Uttarakhand,Combined,Miscellaneous,Transport and Communication,166.8,2.27,F
2012,2023,11,November,Uttar Pradesh,Rural,Miscellaneous,Transport and Communication,163.5,3.28,F
2012,2023,11,November,Uttar Pradesh,Urban,Miscellaneous,Transport and Communication,157.5,2.07,F
2012,2023,11,November,Uttar Pradesh,Combined,Miscellaneous,Transport and Communication,160.9,2.75,F
2012,2023,11,November,West Bengal,Rural,Miscellaneous,Transport and Communication,184.7,1.54,F
2012,2023,11,November,West Bengal,Urban,Miscellaneous,Transport and Communication,172.1,0.76,F
2012,2023,11,November,West Bengal,Combined,Miscellaneous,Transport and Communication,177.1,1.08,F
2012,2023,10,October,All India,Rural,Miscellaneous,Transport and Communication,171.4,2.39,F
2012,2023,10,October,All India,Urban,Miscellaneous,Transport and Communication,161.4,1.64,F
2012,2023,10,October,All India,Combined,Miscellaneous,Transport and Communication,166.1,1.96,F
2012,2023,10,October,Andhra Pradesh,Rural,Miscellaneous,Transport and Communication,190.2,2.20,F
2012,2023,10,October,Andhra Pradesh,Urban,Miscellaneous,Transport and Communication,175.5,1.27,F
2012,2023,10,October,Andhra Pradesh,Combined,Miscellaneous,Transport and Communication,184.3,1.82,F
2012,2023,10,October,Assam,Rural,Miscellaneous,Transport and Communication,170.8,0.71,F
2012,2023,10,October,Assam,Urban,Miscellaneous,Transport and Communication,156.8,1.36,F
2012,2023,10,October,Assam,Combined,Miscellaneous,Transport and Communication,167.1,0.91,F
2012,2023,10,October,Bihar,Rural,Miscellaneous,Transport and Communication,170.5,1.67,F
2012,2023,10,October,Bihar,Urban,Miscellaneous,Transport and Communication,161.8,2.66,F
2012,2023,10,October,Bihar,Combined,Miscellaneous,Transport and Communication,168.9,1.87,F
2012,2023,10,October,Chhattisgarh,Rural,Miscellaneous,Transport and Communication,155.3,0.71,F
2012,2023,10,October,Chhattisgarh,Urban,Miscellaneous,Transport and Communication,153.9,0.72,F
2012,2023,10,October,Chhattisgarh,Combined,Miscellaneous,Transport and Communication,154.6,0.72,F
2012,2023,10,October,Delhi,Rural,Miscellaneous,Transport and Communication,141.9,0.64,F
2012,2023,10,October,Delhi,Urban,Miscellaneous,Transport and Communication,158.9,1.08,F
2012,2023,10,October,Delhi,Combined,Miscellaneous,Transport and Communication,157.5,1.03,F
2012,2023,10,October,Gujarat,Rural,Miscellaneous,Transport and Communication,166.8,4.51,F
2012,2023,10,October,Gujarat,Urban,Miscellaneous,Transport and Communication,159.4,4.25,F
2012,2023,10,October,Gujarat,Combined,Miscellaneous,Transport and Communication,162.3,4.37,F
2012,2023,10,October,Haryana,Rural,Miscellaneous,Transport and Communication,173.3,2.85,F
2012,2023,10,October,Haryana,Urban,Miscellaneous,Transport and Communication,160.4,2.17,F
2012,2023,10,October,Haryana,Combined,Miscellaneous,Transport and Communication,166.6,2.52,F
2012,2023,10,October,Himachal Pradesh,Rural,Miscellaneous,Transport and Communication,157.7,0.45,F
2012,2023,10,October,Himachal Pradesh,Urban,Miscellaneous,Transport and Communication,151.8,0.93,F
2012,2023,10,October,Himachal Pradesh,Combined,Miscellaneous,Transport and Communication,156.6,0.51,F
2012,2023,10,October,Jammu & Kashmir,Rural,Miscellaneous,Transport and Communication,186.2,1.97,F
2012,2023,10,October,Jammu & Kashmir,Urban,Miscellaneous,Transport and Communication,170.5,3.27,F
2012,2023,10,October,Jammu & Kashmir,Combined,Miscellaneous,Transport and Communication,179.9,2.45,F
2012,2023,10,October,Jharkhand,Rural,Miscellaneous,Transport and Communication,168.7,0.84,F
2012,2023,10,October,Jharkhand,Urban,Miscellaneous,Transport and Communication,162.6,2.20,F
2012,2023,10,October,Jharkhand,Combined,Miscellaneous,Transport and Communication,165.9,1.41,F
2012,2023,10,October,Karnataka,Rural,Miscellaneous,Transport and Communication,165.4,1.97,F
2012,2023,10,October,Karnataka,Urban,Miscellaneous,Transport and Communication,158.1,1.93,F
2012,2023,10,October,Karnataka,Combined,Miscellaneous,Transport and Communication,161.1,1.96,F
2012,2023,10,October,Kerala,Rural,Miscellaneous,Transport and Communication,181.2,4.26,F
2012,2023,10,October,Kerala,Urban,Miscellaneous,Transport and Communication,170.8,4.40,F
2012,2023,10,October,Kerala,Combined,Miscellaneous,Transport and Communication,177.1,4.30,F
2012,2023,10,October,Madhya Pradesh,Rural,Miscellaneous,Transport and Communication,171.7,1.54,F
2012,2023,10,October,Madhya Pradesh,Urban,Miscellaneous,Transport and Communication,162.9,3.04,F
2012,2023,10,October,Madhya Pradesh,Combined,Miscellaneous,Transport and Communication,167.3,2.26,F
2012,2023,10,October,Maharashtra,Rural,Miscellaneous,Transport and Communication,167.9,1.33,F
2012,2023,10,October,Maharashtra,Urban,Miscellaneous,Transport and Communication,160.5,-0.06,F
2012,2023,10,October,Maharashtra,Combined,Miscellaneous,Transport and Communication,162.7,0.37,F
2012,2023,10,October,Odisha,Rural,Miscellaneous,Transport and Communication,179.1,3.35,F
2012,2023,10,October,Odisha,Urban,Miscellaneous,Transport and Communication,154.5,1.25,F
2012,2023,10,October,Odisha,Combined,Miscellaneous,Transport and Communication,169.4,2.60,F
2012,2023,10,October,Punjab,Rural,Miscellaneous,Transport and Communication,167.1,3.47,F
2012,2023,10,October,Punjab,Urban,Miscellaneous,Transport and Communication,152.8,2.07,F
2012,2023,10,October,Punjab,Combined,Miscellaneous,Transport and Communication,161.1,2.94,F
2012,2023,10,October,Rajasthan,Rural,Miscellaneous,Transport and Communication,167.7,2.01,F
2012,2023,10,October,Rajasthan,Urban,Miscellaneous,Transport and Communication,160.4,2.49,F
2012,2023,10,October,Rajasthan,Combined,Miscellaneous,Transport and Communication,164.7,2.17,F
2012,2023,10,October,Tamil Nadu,Rural,Miscellaneous,Transport and Communication,167.6,1.58,F
2012,2023,10,October,Tamil Nadu,Urban,Miscellaneous,Transport and Communication,160.3,0.56,F
2012,2023,10,October,Tamil Nadu,Combined,Miscellaneous,Transport and Communication,163.2,0.93,F
2012,2023,10,October,Telangana,Rural,Miscellaneous,Transport and Communication,184.3,2.79,F
2012,2023,10,October,Telangana,Urban,Miscellaneous,Transport and Communication,165.2,1.54,F
2012,2023,10,October,Telangana,Combined,Miscellaneous,Transport and Communication,173.0,2.06,F
2012,2023,10,October,Uttarakhand,Rural,Miscellaneous,Transport and Communication,178.2,2.59,F
2012,2023,10,October,Uttarakhand,Urban,Miscellaneous,Transport and Communication,146.5,2.02,F
2012,2023,10,October,Uttarakhand,Combined,Miscellaneous,Transport and Communication,167.0,2.45,F
2012,2023,10,October,Uttar Pradesh,Rural,Miscellaneous,Transport and Communication,163.2,3.16,F
2012,2023,10,October,Uttar Pradesh,Urban,Miscellaneous,Transport and Communication,157.2,2.14,F
2012,2023,10,October,Uttar Pradesh,Combined,Miscellaneous,Transport and Communication,160.6,2.75,F
2012,2023,10,October,West Bengal,Rural,Miscellaneous,Transport and Communication,184.7,1.71,F
2012,2023,10,October,West Bengal,Urban,Miscellaneous,Transport and Communication,172.6,0.99,F
2012,2023,10,October,West Bengal,Combined,Miscellaneous,Transport and Communication,177.4,1.26,F
2012,2023,9,September,All India,Rural,Miscellaneous,Transport and Communication,171.3,2.64,F
2012,2023,9,September,All India,Urban,Miscellaneous,Transport and Communication,161.3,1.96,F
2012,2023,9,September,All India,Combined,Miscellaneous,Transport and Communication,166.0,2.28,F
2012,2023,9,September,Andhra Pradesh,Rural,Miscellaneous,Transport and Communication,189.7,4.52,F
2012,2023,9,September,Andhra Pradesh,Urban,Miscellaneous,Transport and Communication,175.6,1.74,F
2012,2023,9,September,Andhra Pradesh,Combined,Miscellaneous,Transport and Communication,184.0,3.43,F
2012,2023,9,September,Assam,Rural,Miscellaneous,Transport and Communication,170.6,0.71,F
2012,2023,9,September,Assam,Urban,Miscellaneous,Transport and Communication,156.6,1.10,F
2012,2023,9,September,Assam,Combined,Miscellaneous,Transport and Communication,166.9,0.85,F
2012,2023,9,September,Bihar,Rural,Miscellaneous,Transport and Communication,170.2,1.67,F
2012,2023,9,September,Bihar,Urban,Miscellaneous,Transport and Communication,160.9,2.22,F
2012,2023,9,September,Bihar,Combined,Miscellaneous,Transport and Communication,168.5,1.81,F
2012,2023,9,September,Chhattisgarh,Rural,Miscellaneous,Transport and Communication,155.3,0.84,F
2012,2023,9,September,Chhattisgarh,Urban,Miscellaneous,Transport and Communication,153.9,0.65,F
2012,2023,9,September,Chhattisgarh,Combined,Miscellaneous,Transport and Communication,154.6,0.72,F
2012,2023,9,September,Delhi,Rural,Miscellaneous,Transport and Communication,141.7,0.71,F
2012,2023,9,September,Delhi,Urban,Miscellaneous,Transport and Communication,158.8,1.02,F
2012,2023,9,September,Delhi,Combined,Miscellaneous,Transport and Communication,157.4,1.03,F
2012,2023,9,September,Gujarat,Rural,Miscellaneous,Transport and Communication,166.6,4.65,F
2012,2023,9,September,Gujarat,Urban,Miscellaneous,Transport and Communication,158.9,4.06,F
2012,2023,9,September,Gujarat,Combined,Miscellaneous,Transport and Communication,161.9,4.25,F
2012,2023,9,September,Haryana,Rural,Miscellaneous,Transport and Communication,173.1,2.85,F
2012,2023,9,September,Haryana,Urban,Miscellaneous,Transport and Communication,160.3,2.30,F
2012,2023,9,September,Haryana,Combined,Miscellaneous,Transport and Communication,166.4,2.59,F
2012,2023,9,September,Himachal Pradesh,Rural,Miscellaneous,Transport and Communication,159.1,0.63,F
2012,2023,9,September,Himachal Pradesh,Urban,Miscellaneous,Transport and Communication,151.5,0.80,F
2012,2023,9,September,Himachal Pradesh,Combined,Miscellaneous,Transport and Communication,157.7,0.64,F
2012,2023,9,September,Jammu & Kashmir,Rural,Miscellaneous,Transport and Communication,186.3,2.03,F
2012,2023,9,September,Jammu & Kashmir,Urban,Miscellaneous,Transport and Communication,170.4,3.02,F
2012,2023,9,September,Jammu & Kashmir,Combined,Miscellaneous,Transport and Communication,179.9,2.39,F
2012,2023,9,September,Jharkhand,Rural,Miscellaneous,Transport and Communication,168.6,0.78,F
2012,2023,9,September,Jharkhand,Urban,Miscellaneous,Transport and Communication,162.6,2.85,F
2012,2023,9,September,Jharkhand,Combined,Miscellaneous,Transport and Communication,165.9,1.72,F
2012,2023,9,September,Karnataka,Rural,Miscellaneous,Transport and Communication,165.5,2.60,F
2012,2023,9,September,Karnataka,Urban,Miscellaneous,Transport and Communication,158.2,2.26,F
2012,2023,9,September,Karnataka,Combined,Miscellaneous,Transport and Communication,161.2,2.41,F
2012,2023,9,September,Kerala,Rural,Miscellaneous,Transport and Communication,181.3,4.44,F
2012,2023,9,September,Kerala,Urban,Miscellaneous,Transport and Communication,170.4,4.41,F
2012,2023,9,September,Kerala,Combined,Miscellaneous,Transport and Communication,177.0,4.42,F
2012,2023,9,September,Madhya Pradesh,Rural,Miscellaneous,Transport and Communication,171.6,1.54,F
2012,2023,9,September,Madhya Pradesh,Urban,Miscellaneous,Transport and Communication,163.0,3.10,F
2012,2023,9,September,Madhya Pradesh,Combined,Miscellaneous,Transport and Communication,167.3,2.26,F
2012,2023,9,September,Maharashtra,Rural,Miscellaneous,Transport and Communication,167.9,1.51,F
2012,2023,9,September,Maharashtra,Urban,Miscellaneous,Transport and Communication,160.0,0.82,F
2012,2023,9,September,Maharashtra,Combined,Miscellaneous,Transport and Communication,162.4,1.06,F
2012,2023,9,September,Odisha,Rural,Miscellaneous,Transport and Communication,179.1,3.53,F
2012,2023,9,September,Odisha,Urban,Miscellaneous,Transport and Communication,154.3,1.11,F
2012,2023,9,September,Odisha,Combined,Miscellaneous,Transport and Communication,169.3,2.67,F
2012,2023,9,September,Punjab,Rural,Miscellaneous,Transport and Communication,166.7,3.60,F
2012,2023,9,September,Punjab,Urban,Miscellaneous,Transport and Communication,152.7,2.21,F
2012,2023,9,September,Punjab,Combined,Miscellaneous,Transport and Communication,160.8,3.01,F
2012,2023,9,September,Rajasthan,Rural,Miscellaneous,Transport and Communication,167.3,1.83,F
2012,2023,9,September,Rajasthan,Urban,Miscellaneous,Transport and Communication,160.0,2.17,F
2012,2023,9,September,Rajasthan,Combined,Miscellaneous,Transport and Communication,164.3,1.99,F
2012,2023,9,September,Tamil Nadu,Rural,Miscellaneous,Transport and Communication,167.5,1.70,F
2012,2023,9,September,Tamil Nadu,Urban,Miscellaneous,Transport and Communication,160.4,0.88,F
2012,2023,9,September,Tamil Nadu,Combined,Miscellaneous,Transport and Communication,163.3,1.24,F
2012,2023,9,September,Telangana,Rural,Miscellaneous,Transport and Communication,185.2,3.41,F
2012,2023,9,September,Telangana,Urban,Miscellaneous,Transport and Communication,165.2,1.72,F
2012,2023,9,September,Telangana,Combined,Miscellaneous,Transport and Communication,173.4,2.48,F
2012,2023,9,September,Uttarakhand,Rural,Miscellaneous,Transport and Communication,177.8,2.42,F
2012,2023,9,September,Uttarakhand,Urban,Miscellaneous,Transport and Communication,146.2,2.60,F
2012,2023,9,September,Uttarakhand,Combined,Miscellaneous,Transport and Communication,166.6,2.46,F
2012,2023,9,September,Uttar Pradesh,Rural,Miscellaneous,Transport and Communication,162.8,3.04,F
2012,2023,9,September,Uttar Pradesh,Urban,Miscellaneous,Transport and Communication,157.4,2.01,F
2012,2023,9,September,Uttar Pradesh,Combined,Miscellaneous,Transport and Communication,160.5,2.62,F
2012,2023,9,September,West Bengal,Rural,Miscellaneous,Transport and Communication,184.7,1.93,F
2012,2023,9,September,West Bengal,Urban,Miscellaneous,Transport and Communication,172.5,1.23,F
2012,2023,9,September,West Bengal,Combined,Miscellaneous,Transport and Communication,177.4,1.55,F
2012,2023,8,August,All India,Rural,Miscellaneous,Transport and Communication,171.1,2.70,F
2012,2023,8,August,All India,Urban,Miscellaneous,Transport and Communication,161.2,2.22,F
2012,2023,8,August,All India,Combined,Miscellaneous,Transport and Communication,165.9,2.47,F
2012,2023,8,August,Andhra Pradesh,Rural,Miscellaneous,Transport and Communication,189.5,5.34,F
2012,2023,8,August,Andhra Pradesh,Urban,Miscellaneous,Transport and Communication,175.5,1.98,F
2012,2023,8,August,Andhra Pradesh,Combined,Miscellaneous,Transport and Communication,183.9,4.02,F
2012,2023,8,August,Assam,Rural,Miscellaneous,Transport and Communication,170.3,0.77,F
2012,2023,8,August,Assam,Urban,Miscellaneous,Transport and Communication,156.5,1.16,F
2012,2023,8,August,Assam,Combined,Miscellaneous,Transport and Communication,166.6,0.85,F
2012,2023,8,August,Bihar,Rural,Miscellaneous,Transport and Communication,170.1,1.92,F
2012,2023,8,August,Bihar,Urban,Miscellaneous,Transport and Communication,159.5,1.21,F
2012,2023,8,August,Bihar,Combined,Miscellaneous,Transport and Communication,168.1,1.76,F
2012,2023,8,August,Chhattisgarh,Rural,Miscellaneous,Transport and Communication,155.3,1.04,F
2012,2023,8,August,Chhattisgarh,Urban,Miscellaneous,Transport and Communication,154.5,1.18,F
2012,2023,8,August,Chhattisgarh,Combined,Miscellaneous,Transport and Communication,154.9,1.11,F
2012,2023,8,August,Delhi,Rural,Miscellaneous,Transport and Communication,141.7,0.71,F
2012,2023,8,August,Delhi,Urban,Miscellaneous,Transport and Communication,158.8,0.89,F
2012,2023,8,August,Delhi,Combined,Miscellaneous,Transport and Communication,157.4,0.90,F
2012,2023,8,August,Gujarat,Rural,Miscellaneous,Transport and Communication,165.9,4.34,F
2012,2023,8,August,Gujarat,Urban,Miscellaneous,Transport and Communication,158.3,4.01,F
2012,2023,8,August,Gujarat,Combined,Miscellaneous,Transport and Communication,161.3,4.13,F
2012,2023,8,August,Haryana,Rural,Miscellaneous,Transport and Communication,173.0,2.98,F
2012,2023,8,August,Haryana,Urban,Miscellaneous,Transport and Communication,160.3,2.49,F
2012,2023,8,August,Haryana,Combined,Miscellaneous,Transport and Communication,166.4,2.78,F
2012,2023,8,August,Himachal Pradesh,Rural,Miscellaneous,Transport and Communication,159.1,0.70,F
2012,2023,8,August,Himachal Pradesh,Urban,Miscellaneous,Transport and Communication,150.9,1.07,F
2012,2023,8,August,Himachal Pradesh,Combined,Miscellaneous,Transport and Communication,157.6,0.77,F
2012,2023,8,August,Jammu & Kashmir,Rural,Miscellaneous,Transport and Communication,186.6,2.36,F
2012,2023,8,August,Jammu & Kashmir,Urban,Miscellaneous,Transport and Communication,170.2,3.65,F
2012,2023,8,August,Jammu & Kashmir,Combined,Miscellaneous,Transport and Communication,180.0,2.80,F
2012,2023,8,August,Jharkhand,Rural,Miscellaneous,Transport and Communication,168.5,0.84,F
2012,2023,8,August,Jharkhand,Urban,Miscellaneous,Transport and Communication,161.7,2.54,F
2012,2023,8,August,Jharkhand,Combined,Miscellaneous,Transport and Communication,165.4,1.60,F
2012,2023,8,August,Karnataka,Rural,Miscellaneous,Transport and Communication,164.9,2.30,F
2012,2023,8,August,Karnataka,Urban,Miscellaneous,Transport and Communication,157.9,2.80,F
2012,2023,8,August,Karnataka,Combined,Miscellaneous,Transport and Communication,160.8,2.62,F
2012,2023,8,August,Kerala,Rural,Miscellaneous,Transport and Communication,181.0,4.32,F
2012,2023,8,August,Kerala,Urban,Miscellaneous,Transport and Communication,170.4,4.67,F
2012,2023,8,August,Kerala,Combined,Miscellaneous,Transport and Communication,176.8,4.43,F
2012,2023,8,August,Madhya Pradesh,Rural,Miscellaneous,Transport and Communication,171.2,1.60,F
2012,2023,8,August,Madhya Pradesh,Urban,Miscellaneous,Transport and Communication,163.2,3.88,F
2012,2023,8,August,Madhya Pradesh,Combined,Miscellaneous,Transport and Communication,167.2,2.70,F
2012,2023,8,August,Maharashtra,Rural,Miscellaneous,Transport and Communication,167.6,1.45,F
2012,2023,8,August,Maharashtra,Urban,Miscellaneous,Transport and Communication,160.2,1.26,F
2012,2023,8,August,Maharashtra,Combined,Miscellaneous,Transport and Communication,162.4,1.31,F
2012,2023,8,August,Odisha,Rural,Miscellaneous,Transport and Communication,178.5,3.36,F
2012,2023,8,August,Odisha,Urban,Miscellaneous,Transport and Communication,154.2,0.78,F
2012,2023,8,August,Odisha,Combined,Miscellaneous,Transport and Communication,168.9,2.43,F
2012,2023,8,August,Punjab,Rural,Miscellaneous,Transport and Communication,166.5,3.67,F
2012,2023,8,August,Punjab,Urban,Miscellaneous,Transport and Communication,152.7,2.41,F
2012,2023,8,August,Punjab,Combined,Miscellaneous,Transport and Communication,160.7,3.15,F
2012,2023,8,August,Rajasthan,Rural,Miscellaneous,Transport and Communication,167.2,1.83,F
2012,2023,8,August,Rajasthan,Urban,Miscellaneous,Transport and Communication,159.4,1.92,F
2012,2023,8,August,Rajasthan,Combined,Miscellaneous,Transport and Communication,164.0,1.86,F
2012,2023,8,August,Tamil Nadu,Rural,Miscellaneous,Transport and Communication,167.4,1.76,F
2012,2023,8,August,Tamil Nadu,Urban,Miscellaneous,Transport and Communication,160.7,1.97,F
2012,2023,8,August,Tamil Nadu,Combined,Miscellaneous,Transport and Communication,163.4,1.87,F
2012,2023,8,August,Telangana,Rural,Miscellaneous,Transport and Communication,184.7,3.42,F
2012,2023,8,August,Telangana,Urban,Miscellaneous,Transport and Communication,165.2,1.85,F
2012,2023,8,August,Telangana,Combined,Miscellaneous,Transport and Communication,173.2,2.55,F
2012,2023,8,August,Uttarakhand,Rural,Miscellaneous,Transport and Communication,177.6,2.48,F
2012,2023,8,August,Uttarakhand,Urban,Miscellaneous,Transport and Communication,146.0,2.74,F
2012,2023,8,August,Uttarakhand,Combined,Miscellaneous,Transport and Communication,166.4,2.59,F
2012,2023,8,August,Uttar Pradesh,Rural,Miscellaneous,Transport and Communication,162.5,3.04,F
2012,2023,8,August,Uttar Pradesh,Urban,Miscellaneous,Transport and Communication,157.5,2.34,F
2012,2023,8,August,Uttar Pradesh,Combined,Miscellaneous,Transport and Communication,160.3,2.69,F
2012,2023,8,August,West Bengal,Rural,Miscellaneous,Transport and Communication,184.6,1.93,F
2012,2023,8,August,West Bengal,Urban,Miscellaneous,Transport and Communication,172.5,1.41,F
2012,2023,8,August,West Bengal,Combined,Miscellaneous,Transport and Communication,177.3,1.60,F
2012,2023,7,July,All India,Rural,Miscellaneous,Transport and Communication,170.6,2.59,F
2012,2023,7,July,All India,Urban,Miscellaneous,Transport and Communication,161.1,2.35,F
2012,2023,7,July,All India,Combined,Miscellaneous,Transport and Communication,165.6,2.48,F
2012,2023,7,July,Andhra Pradesh,Rural,Miscellaneous,Transport and Communication,189.5,4.81,F
2012,2023,7,July,Andhra Pradesh,Urban,Miscellaneous,Transport and Communication,175.5,2.15,F
2012,2023,7,July,Andhra Pradesh,Combined,Miscellaneous,Transport and Communication,183.9,3.78,F
2012,2023,7,July,Assam,Rural,Miscellaneous,Transport and Communication,169.2,0.24,F
2012,2023,7,July,Assam,Urban,Miscellaneous,Transport and Communication,156.3,2.42,F
2012,2023,7,July,Assam,Combined,Miscellaneous,Transport and Communication,165.8,0.79,F
2012,2023,7,July,Bihar,Rural,Miscellaneous,Transport and Communication,170.0,2.04,F
2012,2023,7,July,Bihar,Urban,Miscellaneous,Transport and Communication,159.3,1.40,F
2012,2023,7,July,Bihar,Combined,Miscellaneous,Transport and Communication,168.0,1.94,F
2012,2023,7,July,Chhattisgarh,Rural,Miscellaneous,Transport and Communication,155.0,1.04,F
2012,2023,7,July,Chhattisgarh,Urban,Miscellaneous,Transport and Communication,154.3,0.65,F
2012,2023,7,July,Chhattisgarh,Combined,Miscellaneous,Transport and Communication,154.7,0.85,F
2012,2023,7,July,Delhi,Rural,Miscellaneous,Transport and Communication,141.6,0.64,F
2012,2023,7,July,Delhi,Urban,Miscellaneous,Transport and Communication,158.7,0.76,F
2012,2023,7,July,Delhi,Combined,Miscellaneous,Transport and Communication,157.3,0.77,F
2012,2023,7,July,Gujarat,Rural,Miscellaneous,Transport and Communication,161.8,1.76,F
2012,2023,7,July,Gujarat,Urban,Miscellaneous,Transport and Communication,157.7,3.75,F
2012,2023,7,July,Gujarat,Combined,Miscellaneous,Transport and Communication,159.3,2.97,F
2012,2023,7,July,Haryana,Rural,Miscellaneous,Transport and Communication,171.9,2.50,F
2012,2023,7,July,Haryana,Urban,Miscellaneous,Transport and Communication,160.2,2.63,F
2012,2023,7,July,Haryana,Combined,Miscellaneous,Transport and Communication,165.8,2.60,F
2012,2023,7,July,Himachal Pradesh,Rural,Miscellaneous,Transport and Communication,158.9,0.76,F
2012,2023,7,July,Himachal Pradesh,Urban,Miscellaneous,Transport and Communication,150.9,1.14,F
2012,2023,7,July,Himachal Pradesh,Combined,Miscellaneous,Transport and Communication,157.5,0.83,F
2012,2023,7,July,Jammu & Kashmir,Rural,Miscellaneous,Transport and Communication,185.3,2.21,F
2012,2023,7,July,Jammu & Kashmir,Urban,Miscellaneous,Transport and Communication,170.2,3.91,F
2012,2023,7,July,Jammu & Kashmir,Combined,Miscellaneous,Transport and Communication,179.3,2.87,F
2012,2023,7,July,Jharkhand,Rural,Miscellaneous,Transport and Communication,168.5,0.90,F
2012,2023,7,July,Jharkhand,Urban,Miscellaneous,Transport and Communication,161.7,2.60,F
2012,2023,7,July,Jharkhand,Combined,Miscellaneous,Transport and Communication,165.4,1.66,F
2012,2023,7,July,Karnataka,Rural,Miscellaneous,Transport and Communication,164.6,2.30,F
2012,2023,7,July,Karnataka,Urban,Miscellaneous,Transport and Communication,157.4,2.54,F
2012,2023,7,July,Karnataka,Combined,Miscellaneous,Transport and Communication,160.4,2.43,F
2012,2023,7,July,Kerala,Rural,Miscellaneous,Transport and Communication,180.6,4.33,F
2012,2023,7,July,Kerala,Urban,Miscellaneous,Transport and Communication,170.5,5.05,F
2012,2023,7,July,Kerala,Combined,Miscellaneous,Transport and Communication,176.6,4.62,F
2012,2023,7,July,Madhya Pradesh,Rural,Miscellaneous,Transport and Communication,171.0,1.97,F
2012,2023,7,July,Madhya Pradesh,Urban,Miscellaneous,Transport and Communication,163.2,4.41,F
2012,2023,7,July,Madhya Pradesh,Combined,Miscellaneous,Transport and Communication,167.1,3.15,F
2012,2023,7,July,Maharashtra,Rural,Miscellaneous,Transport and Communication,167.4,0.84,F
2012,2023,7,July,Maharashtra,Urban,Miscellaneous,Transport and Communication,160.3,0.94,F
2012,2023,7,July,Maharashtra,Combined,Miscellaneous,Transport and Communication,162.4,0.87,F
2012,2023,7,July,Odisha,Rural,Miscellaneous,Transport and Communication,178.1,3.37,F
2012,2023,7,July,Odisha,Urban,Miscellaneous,Transport and Communication,154.1,0.85,F
2012,2023,7,July,Odisha,Combined,Miscellaneous,Transport and Communication,168.6,2.43,F
2012,2023,7,July,Punjab,Rural,Miscellaneous,Transport and Communication,166.3,3.61,F
2012,2023,7,July,Punjab,Urban,Miscellaneous,Transport and Communication,152.5,2.28,F
2012,2023,7,July,Punjab,Combined,Miscellaneous,Transport and Communication,160.5,3.08,F
2012,2023,7,July,Rajasthan,Rural,Miscellaneous,Transport and Communication,167.1,2.08,F
2012,2023,7,July,Rajasthan,Urban,Miscellaneous,Transport and Communication,159.5,2.11,F
2012,2023,7,July,Rajasthan,Combined,Miscellaneous,Transport and Communication,164.0,2.12,F
2012,2023,7,July,Tamil Nadu,Rural,Miscellaneous,Transport and Communication,167.3,1.95,F
2012,2023,7,July,Tamil Nadu,Urban,Miscellaneous,Transport and Communication,160.5,2.75,F
2012,2023,7,July,Tamil Nadu,Combined,Miscellaneous,Transport and Communication,163.2,2.38,F
2012,2023,7,July,Telangana,Rural,Miscellaneous,Transport and Communication,184.1,4.37,F
2012,2023,7,July,Telangana,Urban,Miscellaneous,Transport and Communication,164.7,2.11,F
2012,2023,7,July,Telangana,Combined,Miscellaneous,Transport and Communication,172.6,3.04,F
2012,2023,7,July,Uttarakhand,Rural,Miscellaneous,Transport and Communication,175.6,3.05,F
2012,2023,7,July,Uttarakhand,Urban,Miscellaneous,Transport and Communication,145.9,3.77,F
2012,2023,7,July,Uttarakhand,Combined,Miscellaneous,Transport and Communication,165.1,3.32,F
2012,2023,7,July,Uttar Pradesh,Rural,Miscellaneous,Transport and Communication,162.3,3.11,F
2012,2023,7,July,Uttar Pradesh,Urban,Miscellaneous,Transport and Communication,157.2,2.41,F
2012,2023,7,July,Uttar Pradesh,Combined,Miscellaneous,Transport and Communication,160.1,2.83,F
2012,2023,7,July,West Bengal,Rural,Miscellaneous,Transport and Communication,184.4,1.88,F
2012,2023,7,July,West Bengal,Urban,Miscellaneous,Transport and Communication,172.4,1.53,F
2012,2023,7,July,West Bengal,Combined,Miscellaneous,Transport and Communication,177.2,1.66,F
2012,2023,6,June,All India,Rural,Miscellaneous,Transport and Communication,169.9,2.66,F
2012,2023,6,June,All India,Urban,Miscellaneous,Transport and Communication,160.8,2.29,F
2012,2023,6,June,All India,Combined,Miscellaneous,Transport and Communication,165.1,2.48,F
2012,2023,6,June,Andhra Pradesh,Rural,Miscellaneous,Transport and Communication,188.7,7.64,F
2012,2023,6,June,Andhra Pradesh,Urban,Miscellaneous,Transport and Communication,175.3,2.63,F
2012,2023,6,June,Andhra Pradesh,Combined,Miscellaneous,Transport and Communication,183.3,5.65,F
2012,2023,6,June,Assam,Rural,Miscellaneous,Transport and Communication,168.7,1.20,F
2012,2023,6,June,Assam,Urban,Miscellaneous,Transport and Communication,155.5,2.44,F
2012,2023,6,June,Assam,Combined,Miscellaneous,Transport and Communication,165.2,1.54,F
2012,2023,6,June,Bihar,Rural,Miscellaneous,Transport and Communication,169.9,1.92,F
2012,2023,6,June,Bihar,Urban,Miscellaneous,Transport and Communication,159.2,1.40,F
2012,2023,6,June,Bihar,Combined,Miscellaneous,Transport and Communication,167.9,1.82,F
2012,2023,6,June,Chhattisgarh,Rural,Miscellaneous,Transport and Communication,155.0,1.11,F
2012,2023,6,June,Chhattisgarh,Urban,Miscellaneous,Transport and Communication,153.7,1.05,F
2012,2023,6,June,Chhattisgarh,Combined,Miscellaneous,Transport and Communication,154.4,1.11,F
2012,2023,6,June,Delhi,Rural,Miscellaneous,Transport and Communication,141.6,0.93,F
2012,2023,6,June,Delhi,Urban,Miscellaneous,Transport and Communication,158.6,0.70,F
2012,2023,6,June,Delhi,Combined,Miscellaneous,Transport and Communication,157.2,0.70,F
2012,2023,6,June,Gujarat,Rural,Miscellaneous,Transport and Communication,161.7,2.02,F
2012,2023,6,June,Gujarat,Urban,Miscellaneous,Transport and Communication,156.9,3.63,F
2012,2023,6,June,Gujarat,Combined,Miscellaneous,Transport and Communication,158.8,2.98,F
2012,2023,6,June,Haryana,Rural,Miscellaneous,Transport and Communication,171.2,2.27,F
2012,2023,6,June,Haryana,Urban,Miscellaneous,Transport and Communication,160.0,2.83,F
2012,2023,6,June,Haryana,Combined,Miscellaneous,Transport and Communication,165.4,2.61,F
2012,2023,6,June,Himachal Pradesh,Rural,Miscellaneous,Transport and Communication,158.3,0.44,F
2012,2023,6,June,Himachal Pradesh,Urban,Miscellaneous,Transport and Communication,150.9,1.21,F
2012,2023,6,June,Himachal Pradesh,Combined,Miscellaneous,Transport and Communication,157.0,0.58,F
2012,2023,6,June,Jammu & Kashmir,Rural,Miscellaneous,Transport and Communication,185.2,2.21,F
2012,2023,6,June,Jammu & Kashmir,Urban,Miscellaneous,Transport and Communication,170.2,4.42,F
2012,2023,6,June,Jammu & Kashmir,Combined,Miscellaneous,Transport and Communication,179.2,3.05,F
2012,2023,6,June,Jharkhand,Rural,Miscellaneous,Transport and Communication,168.3,1.08,F
2012,2023,6,June,Jharkhand,Urban,Miscellaneous,Transport and Communication,161.2,3.00,F
2012,2023,6,June,Jharkhand,Combined,Miscellaneous,Transport and Communication,165.1,1.98,F
2012,2023,6,June,Karnataka,Rural,Miscellaneous,Transport and Communication,163.5,1.81,F
2012,2023,6,June,Karnataka,Urban,Miscellaneous,Transport and Communication,157.2,2.34,F
2012,2023,6,June,Karnataka,Combined,Miscellaneous,Transport and Communication,159.8,2.11,F
2012,2023,6,June,Kerala,Rural,Miscellaneous,Transport and Communication,179.0,3.89,F
2012,2023,6,June,Kerala,Urban,Miscellaneous,Transport and Communication,170.4,5.32,F
2012,2023,6,June,Kerala,Combined,Miscellaneous,Transport and Communication,175.6,4.40,F
2012,2023,6,June,Madhya Pradesh,Rural,Miscellaneous,Transport and Communication,170.7,2.34,F
2012,2023,6,June,Madhya Pradesh,Urban,Miscellaneous,Transport and Communication,163.3,4.81,F
2012,2023,6,June,Madhya Pradesh,Combined,Miscellaneous,Transport and Communication,167.0,3.53,F
2012,2023,6,June,Maharashtra,Rural,Miscellaneous,Transport and Communication,166.9,0.72,F
2012,2023,6,June,Maharashtra,Urban,Miscellaneous,Transport and Communication,160.2,0.25,F
2012,2023,6,June,Maharashtra,Combined,Miscellaneous,Transport and Communication,162.2,0.37,F
2012,2023,6,June,Odisha,Rural,Miscellaneous,Transport and Communication,177.4,3.56,F
2012,2023,6,June,Odisha,Urban,Miscellaneous,Transport and Communication,154.3,1.05,F
2012,2023,6,June,Odisha,Combined,Miscellaneous,Transport and Communication,168.3,2.62,F
2012,2023,6,June,Punjab,Rural,Miscellaneous,Transport and Communication,165.0,3.13,F
2012,2023,6,June,Punjab,Urban,Miscellaneous,Transport and Communication,152.1,2.42,F
2012,2023,6,June,Punjab,Combined,Miscellaneous,Transport and Communication,159.6,2.84,F
2012,2023,6,June,Rajasthan,Rural,Miscellaneous,Transport and Communication,166.6,2.21,F
2012,2023,6,June,Rajasthan,Urban,Miscellaneous,Transport and Communication,159.2,2.31,F
2012,2023,6,June,Rajasthan,Combined,Miscellaneous,Transport and Communication,163.6,2.25,F
2012,2023,6,June,Tamil Nadu,Rural,Miscellaneous,Transport and Communication,166.7,1.89,F
2012,2023,6,June,Tamil Nadu,Urban,Miscellaneous,Transport and Communication,160.6,3.28,F
2012,2023,6,June,Tamil Nadu,Combined,Miscellaneous,Transport and Communication,163.1,2.71,F
2012,2023,6,June,Telangana,Rural,Miscellaneous,Transport and Communication,182.2,5.93,F
2012,2023,6,June,Telangana,Urban,Miscellaneous,Transport and Communication,163.9,3.28,F
2012,2023,6,June,Telangana,Combined,Miscellaneous,Transport and Communication,171.4,4.45,F
2012,2023,6,June,Uttarakhand,Rural,Miscellaneous,Transport and Communication,175.4,3.24,F
2012,2023,6,June,Uttarakhand,Urban,Miscellaneous,Transport and Communication,146.3,4.13,F
2012,2023,6,June,Uttarakhand,Combined,Miscellaneous,Transport and Communication,165.1,3.51,F
2012,2023,6,June,Uttar Pradesh,Rural,Miscellaneous,Transport and Communication,162.0,2.92,F
2012,2023,6,June,Uttar Pradesh,Urban,Miscellaneous,Transport and Communication,156.7,2.55,F
2012,2023,6,June,Uttar Pradesh,Combined,Miscellaneous,Transport and Communication,159.7,2.77,F
2012,2023,6,June,West Bengal,Rural,Miscellaneous,Transport and Communication,184.0,1.83,F
2012,2023,6,June,West Bengal,Urban,Miscellaneous,Transport and Communication,172.2,1.23,F
2012,2023,6,June,West Bengal,Combined,Miscellaneous,Transport and Communication,176.9,1.49,F
2012,2023,5,May,All India,Rural,Miscellaneous,Transport and Communication,169.7,1.56,F
2012,2023,5,May,All India,Urban,Miscellaneous,Transport and Communication,160.4,0.63,F
2012,2023,5,May,All India,Combined,Miscellaneous,Transport and Communication,164.8,1.10,F
2012,2023,5,May,Andhra Pradesh,Rural,Miscellaneous,Transport and Communication,188.6,6.92,F
2012,2023,5,May,Andhra Pradesh,Urban,Miscellaneous,Transport and Communication,174.8,5.24,F
2012,2023,5,May,Andhra Pradesh,Combined,Miscellaneous,Transport and Communication,183.1,6.27,F
2012,2023,5,May,Assam,Rural,Miscellaneous,Transport and Communication,168.2,0.42,F
2012,2023,5,May,Assam,Urban,Miscellaneous,Transport and Communication,155.3,-0.51,F
2012,2023,5,May,Assam,Combined,Miscellaneous,Transport and Communication,164.8,0.18,F
2012,2023,5,May,Bihar,Rural,Miscellaneous,Transport and Communication,169.6,1.01,F
2012,2023,5,May,Bihar,Urban,Miscellaneous,Transport and Communication,158.8,0.38,F
2012,2023,5,May,Bihar,Combined,Miscellaneous,Transport and Communication,167.6,0.90,F
2012,2023,5,May,Chhattisgarh,Rural,Miscellaneous,Transport and Communication,154.9,-0.71,F
2012,2023,5,May,Chhattisgarh,Urban,Miscellaneous,Transport and Communication,153.6,-1.85,F
2012,2023,5,May,Chhattisgarh,Combined,Miscellaneous,Transport and Communication,154.3,-1.22,F
2012,2023,5,May,Delhi,Rural,Miscellaneous,Transport and Communication,141.6,-1.12,F
2012,2023,5,May,Delhi,Urban,Miscellaneous,Transport and Communication,158.6,-1.25,F
2012,2023,5,May,Delhi,Combined,Miscellaneous,Transport and Communication,157.2,-1.26,F
2012,2023,5,May,Gujarat,Rural,Miscellaneous,Transport and Communication,161.4,0.06,F
2012,2023,5,May,Gujarat,Urban,Miscellaneous,Transport and Communication,156.3,1.76,F
2012,2023,5,May,Gujarat,Combined,Miscellaneous,Transport and Communication,158.3,1.09,F
2012,2023,5,May,Haryana,Rural,Miscellaneous,Transport and Communication,170.8,0.23,F
2012,2023,5,May,Haryana,Urban,Miscellaneous,Transport and Communication,159.7,0.88,F
2012,2023,5,May,Haryana,Combined,Miscellaneous,Transport and Communication,165.0,0.55,F
2012,2023,5,May,Himachal Pradesh,Rural,Miscellaneous,Transport and Communication,158.3,-0.63,F
2012,2023,5,May,Himachal Pradesh,Urban,Miscellaneous,Transport and Communication,150.9,0.20,F
2012,2023,5,May,Himachal Pradesh,Combined,Miscellaneous,Transport and Communication,157.0,-0.44,F
2012,2023,5,May,Jammu & Kashmir,Rural,Miscellaneous,Transport and Communication,185.2,2.21,F
2012,2023,5,May,Jammu & Kashmir,Urban,Miscellaneous,Transport and Communication,170.0,2.66,F
2012,2023,5,May,Jammu & Kashmir,Combined,Miscellaneous,Transport and Communication,179.1,2.34,F
2012,2023,5,May,Jharkhand,Rural,Miscellaneous,Transport and Communication,168.3,-0.12,F
2012,2023,5,May,Jharkhand,Urban,Miscellaneous,Transport and Communication,161.0,0.37,F
2012,2023,5,May,Jharkhand,Combined,Miscellaneous,Transport and Communication,165.0,0.12,F
2012,2023,5,May,Karnataka,Rural,Miscellaneous,Transport and Communication,163.8,0.99,F
2012,2023,5,May,Karnataka,Urban,Miscellaneous,Transport and Communication,156.5,0.26,F
2012,2023,5,May,Karnataka,Combined,Miscellaneous,Transport and Communication,159.5,0.57,F
2012,2023,5,May,Kerala,Rural,Miscellaneous,Transport and Communication,178.4,3.06,F
2012,2023,5,May,Kerala,Urban,Miscellaneous,Transport and Communication,169.8,2.66,F
2012,2023,5,May,Kerala,Combined,Miscellaneous,Transport and Communication,175.0,2.88,F
2012,2023,5,May,Madhya Pradesh,Rural,Miscellaneous,Transport and Communication,170.6,0.65,F
2012,2023,5,May,Madhya Pradesh,Urban,Miscellaneous,Transport and Communication,162.8,2.97,F
2012,2023,5,May,Madhya Pradesh,Combined,Miscellaneous,Transport and Communication,166.7,1.77,F
2012,2023,5,May,Maharashtra,Rural,Miscellaneous,Transport and Communication,166.7,-0.24,F
2012,2023,5,May,Maharashtra,Urban,Miscellaneous,Transport and Communication,159.8,-1.11,F
2012,2023,5,May,Maharashtra,Combined,Miscellaneous,Transport and Communication,161.9,-0.80,F
2012,2023,5,May,Odisha,Rural,Miscellaneous,Transport and Communication,177.2,2.01,F
2012,2023,5,May,Odisha,Urban,Miscellaneous,Transport and Communication,153.8,-1.66,F
2012,2023,5,May,Odisha,Combined,Miscellaneous,Transport and Communication,168.0,0.66,F
2012,2023,5,May,Punjab,Rural,Miscellaneous,Transport and Communication,164.4,0.92,F
2012,2023,5,May,Punjab,Urban,Miscellaneous,Transport and Communication,151.7,0.20,F
2012,2023,5,May,Punjab,Combined,Miscellaneous,Transport and Communication,159.0,0.57,F
2012,2023,5,May,Rajasthan,Rural,Miscellaneous,Transport and Communication,166.1,0.24,F
2012,2023,5,May,Rajasthan,Urban,Miscellaneous,Transport and Communication,159.1,0.19,F
2012,2023,5,May,Rajasthan,Combined,Miscellaneous,Transport and Communication,163.2,0.18,F
2012,2023,5,May,Tamil Nadu,Rural,Miscellaneous,Transport and Communication,166.5,0.60,F
2012,2023,5,May,Tamil Nadu,Urban,Miscellaneous,Transport and Communication,160.3,1.65,F
2012,2023,5,May,Tamil Nadu,Combined,Miscellaneous,Transport and Communication,162.8,1.24,F
2012,2023,5,May,Telangana,Rural,Miscellaneous,Transport and Communication,182.1,7.94,F
2012,2023,5,May,Telangana,Urban,Miscellaneous,Transport and Communication,163.7,1.74,F
2012,2023,5,May,Telangana,Combined,Miscellaneous,Transport and Communication,171.2,4.33,F
2012,2023,5,May,Uttarakhand,Rural,Miscellaneous,Transport and Communication,174.8,2.04,F
2012,2023,5,May,Uttarakhand,Urban,Miscellaneous,Transport and Communication,145.9,1.89,F
2012,2023,5,May,Uttarakhand,Combined,Miscellaneous,Transport and Communication,164.6,2.05,F
2012,2023,5,May,Uttar Pradesh,Rural,Miscellaneous,Transport and Communication,161.8,1.70,F
2012,2023,5,May,Uttar Pradesh,Urban,Miscellaneous,Transport and Communication,156.2,0.58,F
2012,2023,5,May,Uttar Pradesh,Combined,Miscellaneous,Transport and Communication,159.4,1.21,F
2012,2023,5,May,West Bengal,Rural,Miscellaneous,Transport and Communication,183.9,1.21,F
2012,2023,5,May,West Bengal,Urban,Miscellaneous,Transport and Communication,171.6,-0.29,F
2012,2023,5,May,West Bengal,Combined,Miscellaneous,Transport and Communication,176.5,0.34,F
2012,2023,4,April,All India,Rural,Miscellaneous,Transport and Communication,169.4,1.93,F
2012,2023,4,April,All India,Urban,Miscellaneous,Transport and Communication,160.1,0.50,F
2012,2023,4,April,All India,Combined,Miscellaneous,Transport and Communication,164.5,1.17,F
2012,2023,4,April,Andhra Pradesh,Rural,Miscellaneous,Transport and Communication,188.5,9.02,F
2012,2023,4,April,Andhra Pradesh,Urban,Miscellaneous,Transport and Communication,174.7,6.85,F
2012,2023,4,April,Andhra Pradesh,Combined,Miscellaneous,Transport and Communication,183.0,8.22,F
2012,2023,4,April,Assam,Rural,Miscellaneous,Transport and Communication,168.2,0.54,F
2012,2023,4,April,Assam,Urban,Miscellaneous,Transport and Communication,155.4,-0.45,F
2012,2023,4,April,Assam,Combined,Miscellaneous,Transport and Communication,164.8,0.30,F
2012,2023,4,April,Bihar,Rural,Miscellaneous,Transport and Communication,169.0,0.66,F
2012,2023,4,April,Bihar,Urban,Miscellaneous,Transport and Communication,158.5,-0.13,F
2012,2023,4,April,Bihar,Combined,Miscellaneous,Transport and Communication,167.0,0.48,F
2012,2023,4,April,Chhattisgarh,Rural,Miscellaneous,Transport and Communication,154.7,-0.96,F
2012,2023,4,April,Chhattisgarh,Urban,Miscellaneous,Transport and Communication,153.6,-2.54,F
2012,2023,4,April,Chhattisgarh,Combined,Miscellaneous,Transport and Communication,154.2,-1.72,F
2012,2023,4,April,Delhi,Rural,Miscellaneous,Transport and Communication,141.5,-1.87,F
2012,2023,4,April,Delhi,Urban,Miscellaneous,Transport and Communication,158.6,-1.73,F
2012,2023,4,April,Delhi,Combined,Miscellaneous,Transport and Communication,157.2,-1.75,F
2012,2023,4,April,Gujarat,Rural,Miscellaneous,Transport and Communication,161.1,-0.19,F
2012,2023,4,April,Gujarat,Urban,Miscellaneous,Transport and Communication,155.8,1.23,F
2012,2023,4,April,Gujarat,Combined,Miscellaneous,Transport and Communication,157.9,0.70,F
2012,2023,4,April,Haryana,Rural,Miscellaneous,Transport and Communication,170.8,-0.12,F
2012,2023,4,April,Haryana,Urban,Miscellaneous,Transport and Communication,159.1,0.25,F
2012,2023,4,April,Haryana,Combined,Miscellaneous,Transport and Communication,164.7,0.06,F
2012,2023,4,April,Himachal Pradesh,Rural,Miscellaneous,Transport and Communication,158.3,-0.69,F
2012,2023,4,April,Himachal Pradesh,Urban,Miscellaneous,Transport and Communication,150.7,0.47,F
2012,2023,4,April,Himachal Pradesh,Combined,Miscellaneous,Transport and Communication,156.9,-0.51,F
2012,2023,4,April,Jammu & Kashmir,Rural,Miscellaneous,Transport and Communication,183.0,1.05,F
2012,2023,4,April,Jammu & Kashmir,Urban,Miscellaneous,Transport and Communication,168.1,1.27,F
2012,2023,4,April,Jammu & Kashmir,Combined,Miscellaneous,Transport and Communication,177.0,1.09,F
2012,2023,4,April,Jharkhand,Rural,Miscellaneous,Transport and Communication,168.1,-0.71,F
2012,2023,4,April,Jharkhand,Urban,Miscellaneous,Transport and Communication,161.2,0.75,F
2012,2023,4,April,Jharkhand,Combined,Miscellaneous,Transport and Communication,165.0,-0.06,F
2012,2023,4,April,Karnataka,Rural,Miscellaneous,Transport and Communication,163.4,0.99,F
2012,2023,4,April,Karnataka,Urban,Miscellaneous,Transport and Communication,156.1,-0.64,F
2012,2023,4,April,Karnataka,Combined,Miscellaneous,Transport and Communication,159.1,0.06,F
2012,2023,4,April,Kerala,Rural,Miscellaneous,Transport and Communication,178.5,9.38,F
2012,2023,4,April,Kerala,Urban,Miscellaneous,Transport and Communication,168.8,6.23,F
2012,2023,4,April,Kerala,Combined,Miscellaneous,Transport and Communication,174.7,8.17,F
2012,2023,4,April,Madhya Pradesh,Rural,Miscellaneous,Transport and Communication,170.4,0.35,F
2012,2023,4,April,Madhya Pradesh,Urban,Miscellaneous,Transport and Communication,161.7,2.02,F
2012,2023,4,April,Madhya Pradesh,Combined,Miscellaneous,Transport and Communication,166.1,1.16,F
2012,2023,4,April,Maharashtra,Rural,Miscellaneous,Transport and Communication,166.3,-1.01,F
2012,2023,4,April,Maharashtra,Urban,Miscellaneous,Transport and Communication,159.7,-0.99,F
2012,2023,4,April,Maharashtra,Combined,Miscellaneous,Transport and Communication,161.7,-0.98,F
2012,2023,4,April,Odisha,Rural,Miscellaneous,Transport and Communication,177.1,1.78,F
2012,2023,4,April,Odisha,Urban,Miscellaneous,Transport and Communication,153.8,-2.90,F
2012,2023,4,April,Odisha,Combined,Miscellaneous,Transport and Communication,167.9,0.06,F
2012,2023,4,April,Punjab,Rural,Miscellaneous,Transport and Communication,164.1,0.74,F
2012,2023,4,April,Punjab,Urban,Miscellaneous,Transport and Communication,151.5,-0.46,F
2012,2023,4,April,Punjab,Combined,Miscellaneous,Transport and Communication,158.8,0.25,F
2012,2023,4,April,Rajasthan,Rural,Miscellaneous,Transport and Communication,165.9,-0.36,F
2012,2023,4,April,Rajasthan,Urban,Miscellaneous,Transport and Communication,159.2,0.38,F
2012,2023,4,April,Rajasthan,Combined,Miscellaneous,Transport and Communication,163.1,-0.12,F
2012,2023,4,April,Tamil Nadu,Rural,Miscellaneous,Transport and Communication,166.5,0.42,F
2012,2023,4,April,Tamil Nadu,Urban,Miscellaneous,Transport and Communication,160.1,1.07,F
2012,2023,4,April,Tamil Nadu,Combined,Miscellaneous,Transport and Communication,162.7,0.81,F
2012,2023,4,April,Telangana,Rural,Miscellaneous,Transport and Communication,181.9,9.64,F
2012,2023,4,April,Telangana,Urban,Miscellaneous,Transport and Communication,163.4,2.13,F
2012,2023,4,April,Telangana,Combined,Miscellaneous,Transport and Communication,171.0,5.30,F
2012,2023,4,April,Uttarakhand,Rural,Miscellaneous,Transport and Communication,173.9,2.17,F
2012,2023,4,April,Uttarakhand,Urban,Miscellaneous,Transport and Communication,145.8,1.32,F
2012,2023,4,April,Uttarakhand,Combined,Miscellaneous,Transport and Communication,163.9,1.86,F
2012,2023,4,April,Uttar Pradesh,Rural,Miscellaneous,Transport and Communication,161.5,1.32,F
2012,2023,4,April,Uttar Pradesh,Urban,Miscellaneous,Transport and Communication,155.0,-0.19,F
2012,2023,4,April,Uttar Pradesh,Combined,Miscellaneous,Transport and Communication,158.7,0.70,F
2012,2023,4,April,West Bengal,Rural,Miscellaneous,Transport and Communication,183.8,1.27,F
2012,2023,4,April,West Bengal,Urban,Miscellaneous,Transport and Communication,171.8,-0.46,F
2012,2023,4,April,West Bengal,Combined,Miscellaneous,Transport and Communication,176.6,0.23,F
2012,2023,3,March,All India,Rural,Miscellaneous,Transport and Communication,169.0,4.32,F
2012,2023,3,March,All India,Urban,Miscellaneous,Transport and Communication,159.8,3.63,F
2012,2023,3,March,All India,Combined,Miscellaneous,Transport and Communication,164.2,3.99,F
2012,2023,3,March,Andhra Pradesh,Rural,Miscellaneous,Transport and Communication,187.6,13.97,F
2012,2023,3,March,Andhra Pradesh,Urban,Miscellaneous,Transport and Communication,175.0,11.82,F
2012,2023,3,March,Andhra Pradesh,Combined,Miscellaneous,Transport and Communication,182.5,13.07,F
2012,2023,3,March,Assam,Rural,Miscellaneous,Transport and Communication,168.0,1.57,F
2012,2023,3,March,Assam,Urban,Miscellaneous,Transport and Communication,154.5,1.64,F
2012,2023,3,March,Assam,Combined,Miscellaneous,Transport and Communication,164.4,1.61,F
2012,2023,3,March,Bihar,Rural,Miscellaneous,Transport and Communication,168.4,2.18,F
2012,2023,3,March,Bihar,Urban,Miscellaneous,Transport and Communication,158.2,2.53,F
2012,2023,3,March,Bihar,Combined,Miscellaneous,Transport and Communication,166.5,2.27,F
2012,2023,3,March,Chhattisgarh,Rural,Miscellaneous,Transport and Communication,154.5,1.44,F
2012,2023,3,March,Chhattisgarh,Urban,Miscellaneous,Transport and Communication,153.7,1.59,F
2012,2023,3,March,Chhattisgarh,Combined,Miscellaneous,Transport and Communication,154.1,1.52,F
2012,2023,3,March,Delhi,Rural,Miscellaneous,Transport and Communication,141.5,1.14,F
2012,2023,3,March,Delhi,Urban,Miscellaneous,Transport and Communication,158.5,2.46,F
2012,2023,3,March,Delhi,Combined,Miscellaneous,Transport and Communication,157.1,2.35,F
2012,2023,3,March,Gujarat,Rural,Miscellaneous,Transport and Communication,161.0,2.88,F
2012,2023,3,March,Gujarat,Urban,Miscellaneous,Transport and Communication,155.6,4.64,F
2012,2023,3,March,Gujarat,Combined,Miscellaneous,Transport and Communication,157.7,3.89,F
2012,2023,3,March,Haryana,Rural,Miscellaneous,Transport and Communication,169.6,2.85,F
2012,2023,3,March,Haryana,Urban,Miscellaneous,Transport and Communication,158.2,3.87,F
2012,2023,3,March,Haryana,Combined,Miscellaneous,Transport and Communication,163.7,3.41,F
2012,2023,3,March,Himachal Pradesh,Rural,Miscellaneous,Transport and Communication,157.7,0.90,F
2012,2023,3,March,Himachal Pradesh,Urban,Miscellaneous,Transport and Communication,150.5,0.87,F
2012,2023,3,March,Himachal Pradesh,Combined,Miscellaneous,Transport and Communication,156.4,0.90,F
2012,2023,3,March,Jammu & Kashmir,Rural,Miscellaneous,Transport and Communication,182.8,1.95,F
2012,2023,3,March,Jammu & Kashmir,Urban,Miscellaneous,Transport and Communication,165.8,2.28,F
2012,2023,3,March,Jammu & Kashmir,Combined,Miscellaneous,Transport and Communication,176.0,2.09,F
2012,2023,3,March,Jharkhand,Rural,Miscellaneous,Transport and Communication,167.8,1.57,F
2012,2023,3,March,Jharkhand,Urban,Miscellaneous,Transport and Communication,160.5,5.25,F
2012,2023,3,March,Jharkhand,Combined,Miscellaneous,Transport and Communication,164.5,3.20,F
2012,2023,3,March,Karnataka,Rural,Miscellaneous,Transport and Communication,163.5,2.89,F
2012,2023,3,March,Karnataka,Urban,Miscellaneous,Transport and Communication,156.1,2.83,F
2012,2023,3,March,Karnataka,Combined,Miscellaneous,Transport and Communication,159.2,2.91,F
2012,2023,3,March,Kerala,Rural,Miscellaneous,Transport and Communication,177.6,10.72,F
2012,2023,3,March,Kerala,Urban,Miscellaneous,Transport and Communication,166.6,7.55,F
2012,2023,3,March,Kerala,Combined,Miscellaneous,Transport and Communication,173.3,9.54,F
2012,2023,3,March,Madhya Pradesh,Rural,Miscellaneous,Transport and Communication,170.4,2.53,F
2012,2023,3,March,Madhya Pradesh,Urban,Miscellaneous,Transport and Communication,161.6,5.69,F
2012,2023,3,March,Madhya Pradesh,Combined,Miscellaneous,Transport and Communication,166.0,4.01,F
2012,2023,3,March,Maharashtra,Rural,Miscellaneous,Transport and Communication,166.1,1.28,F
2012,2023,3,March,Maharashtra,Urban,Miscellaneous,Transport and Communication,159.7,1.85,F
2012,2023,3,March,Maharashtra,Combined,Miscellaneous,Transport and Communication,161.6,1.64,F
2012,2023,3,March,Odisha,Rural,Miscellaneous,Transport and Communication,176.4,4.81,F
2012,2023,3,March,Odisha,Urban,Miscellaneous,Transport and Communication,153.5,1.05,F
2012,2023,3,March,Odisha,Combined,Miscellaneous,Transport and Communication,167.4,3.46,F
2012,2023,3,March,Punjab,Rural,Miscellaneous,Transport and Communication,163.5,3.81,F
2012,2023,3,March,Punjab,Urban,Miscellaneous,Transport and Communication,151.5,2.43,F
2012,2023,3,March,Punjab,Combined,Miscellaneous,Transport and Communication,158.4,3.19,F
2012,2023,3,March,Rajasthan,Rural,Miscellaneous,Transport and Communication,165.6,2.35,F
2012,2023,3,March,Rajasthan,Urban,Miscellaneous,Transport and Communication,159.0,3.79,F
2012,2023,3,March,Rajasthan,Combined,Miscellaneous,Transport and Communication,162.9,2.91,F
2012,2023,3,March,Tamil Nadu,Rural,Miscellaneous,Transport and Communication,165.8,1.97,F
2012,2023,3,March,Tamil Nadu,Urban,Miscellaneous,Transport and Communication,159.9,3.97,F
2012,2023,3,March,Tamil Nadu,Combined,Miscellaneous,Transport and Communication,162.3,3.18,F
2012,2023,3,March,Telangana,Rural,Miscellaneous,Transport and Communication,181.7,15.37,F
2012,2023,3,March,Telangana,Urban,Miscellaneous,Transport and Communication,163.4,7.01,F
2012,2023,3,March,Telangana,Combined,Miscellaneous,Transport and Communication,170.9,10.47,F
2012,2023,3,March,Uttarakhand,Rural,Miscellaneous,Transport and Communication,174.0,5.01,F
2012,2023,3,March,Uttarakhand,Urban,Miscellaneous,Transport and Communication,145.3,3.93,F
2012,2023,3,March,Uttarakhand,Combined,Miscellaneous,Transport and Communication,163.8,4.66,F
2012,2023,3,March,Uttar Pradesh,Rural,Miscellaneous,Transport and Communication,160.9,3.34,F
2012,2023,3,March,Uttar Pradesh,Urban,Miscellaneous,Transport and Communication,154.6,2.79,F
2012,2023,3,March,Uttar Pradesh,Combined,Miscellaneous,Transport and Communication,158.2,3.13,F
2012,2023,3,March,West Bengal,Rural,Miscellaneous,Transport and Communication,183.6,2.63,F
2012,2023,3,March,West Bengal,Urban,Miscellaneous,Transport and Communication,171.6,1.24,F
2012,2023,3,March,West Bengal,Combined,Miscellaneous,Transport and Communication,176.4,1.79,F
2012,2023,2,February,All India,Rural,Miscellaneous,Transport and Communication,168.7,4.65,F
2012,2023,2,February,All India,Urban,Miscellaneous,Transport and Communication,159.7,4.31,F
2012,2023,2,February,All India,Combined,Miscellaneous,Transport and Communication,164.0,4.53,F
2012,2023,2,February,Andhra Pradesh,Rural,Miscellaneous,Transport and Communication,187.5,14.12,F
2012,2023,2,February,Andhra Pradesh,Urban,Miscellaneous,Transport and Communication,174.9,12.62,F
2012,2023,2,February,Andhra Pradesh,Combined,Miscellaneous,Transport and Communication,182.4,13.50,F
2012,2023,2,February,Assam,Rural,Miscellaneous,Transport and Communication,168.1,2.50,F
2012,2023,2,February,Assam,Urban,Miscellaneous,Transport and Communication,154.4,2.52,F
2012,2023,2,February,Assam,Combined,Miscellaneous,Transport and Communication,164.5,2.56,F
2012,2023,2,February,Bihar,Rural,Miscellaneous,Transport and Communication,168.3,3.06,F
2012,2023,2,February,Bihar,Urban,Miscellaneous,Transport and Communication,158.0,3.67,F
2012,2023,2,February,Bihar,Combined,Miscellaneous,Transport and Communication,166.4,3.16,F
2012,2023,2,February,Chhattisgarh,Rural,Miscellaneous,Transport and Communication,154.0,1.92,F
2012,2023,2,February,Chhattisgarh,Urban,Miscellaneous,Transport and Communication,153.3,1.59,F
2012,2023,2,February,Chhattisgarh,Combined,Miscellaneous,Transport and Communication,153.7,1.79,F
2012,2023,2,February,Delhi,Rural,Miscellaneous,Transport and Communication,141.4,1.43,F
2012,2023,2,February,Delhi,Urban,Miscellaneous,Transport and Communication,158.4,2.92,F
2012,2023,2,February,Delhi,Combined,Miscellaneous,Transport and Communication,157.0,2.82,F
2012,2023,2,February,Gujarat,Rural,Miscellaneous,Transport and Communication,160.8,2.94,F
2012,2023,2,February,Gujarat,Urban,Miscellaneous,Transport and Communication,155.1,4.73,F
2012,2023,2,February,Gujarat,Combined,Miscellaneous,Transport and Communication,157.3,3.97,F
2012,2023,2,February,Haryana,Rural,Miscellaneous,Transport and Communication,169.6,3.86,F
2012,2023,2,February,Haryana,Urban,Miscellaneous,Transport and Communication,157.7,4.23,F
2012,2023,2,February,Haryana,Combined,Miscellaneous,Transport and Communication,163.4,4.08,F
2012,2023,2,February,Himachal Pradesh,Rural,Miscellaneous,Transport and Communication,157.8,0.25,F
2012,2023,2,February,Himachal Pradesh,Urban,Miscellaneous,Transport and Communication,150.1,1.42,F
2012,2023,2,February,Himachal Pradesh,Combined,Miscellaneous,Transport and Communication,156.4,0.45,F
2012,2023,2,February,Jammu & Kashmir,Rural,Miscellaneous,Transport and Communication,182.1,-0.16,F
2012,2023,2,February,Jammu & Kashmir,Urban,Miscellaneous,Transport and Communication,165.0,2.29,F
2012,2023,2,February,Jammu & Kashmir,Combined,Miscellaneous,Transport and Communication,175.3,0.75,F
2012,2023,2,February,Jharkhand,Rural,Miscellaneous,Transport and Communication,167.7,1.76,F
2012,2023,2,February,Jharkhand,Urban,Miscellaneous,Transport and Communication,160.2,6.73,F
2012,2023,2,February,Jharkhand,Combined,Miscellaneous,Transport and Communication,164.3,3.92,F
2012,2023,2,February,Karnataka,Rural,Miscellaneous,Transport and Communication,163.3,3.68,F
2012,2023,2,February,Karnataka,Urban,Miscellaneous,Transport and Communication,156.0,3.45,F
2012,2023,2,February,Karnataka,Combined,Miscellaneous,Transport and Communication,159.0,3.52,F
2012,2023,2,February,Kerala,Rural,Miscellaneous,Transport and Communication,177.6,11.00,F
2012,2023,2,February,Kerala,Urban,Miscellaneous,Transport and Communication,166.7,8.11,F
2012,2023,2,February,Kerala,Combined,Miscellaneous,Transport and Communication,173.3,9.89,F
2012,2023,2,February,Madhya Pradesh,Rural,Miscellaneous,Transport and Communication,170.1,3.15,F
2012,2023,2,February,Madhya Pradesh,Urban,Miscellaneous,Transport and Communication,161.0,7.48,F
2012,2023,2,February,Madhya Pradesh,Combined,Miscellaneous,Transport and Communication,165.6,5.21,F
2012,2023,2,February,Maharashtra,Rural,Miscellaneous,Transport and Communication,165.4,1.97,F
2012,2023,2,February,Maharashtra,Urban,Miscellaneous,Transport and Communication,160.2,2.63,F
2012,2023,2,February,Maharashtra,Combined,Miscellaneous,Transport and Communication,161.8,2.47,F
2012,2023,2,February,Odisha,Rural,Miscellaneous,Transport and Communication,176.3,6.40,F
2012,2023,2,February,Odisha,Urban,Miscellaneous,Transport and Communication,153.4,2.27,F
2012,2023,2,February,Odisha,Combined,Miscellaneous,Transport and Communication,167.3,4.89,F
2012,2023,2,February,Punjab,Rural,Miscellaneous,Transport and Communication,163.0,3.56,F
2012,2023,2,February,Punjab,Urban,Miscellaneous,Transport and Communication,151.1,2.58,F
2012,2023,2,February,Punjab,Combined,Miscellaneous,Transport and Communication,158.0,3.20,F
2012,2023,2,February,Rajasthan,Rural,Miscellaneous,Transport and Communication,165.5,2.35,F
2012,2023,2,February,Rajasthan,Urban,Miscellaneous,Transport and Communication,158.8,4.34,F
2012,2023,2,February,Rajasthan,Combined,Miscellaneous,Transport and Communication,162.7,3.11,F
2012,2023,2,February,Tamil Nadu,Rural,Miscellaneous,Transport and Communication,165.7,2.03,F
2012,2023,2,February,Tamil Nadu,Urban,Miscellaneous,Transport and Communication,159.7,4.38,F
2012,2023,2,February,Tamil Nadu,Combined,Miscellaneous,Transport and Communication,162.1,3.38,F
2012,2023,2,February,Telangana,Rural,Miscellaneous,Transport and Communication,182.1,16.36,F
2012,2023,2,February,Telangana,Urban,Miscellaneous,Transport and Communication,163.1,7.37,F
2012,2023,2,February,Telangana,Combined,Miscellaneous,Transport and Communication,170.9,11.12,F
2012,2023,2,February,Uttarakhand,Rural,Miscellaneous,Transport and Communication,174.1,5.13,F
2012,2023,2,February,Uttarakhand,Urban,Miscellaneous,Transport and Communication,145.0,5.84,F
2012,2023,2,February,Uttarakhand,Combined,Miscellaneous,Transport and Communication,163.8,5.34,F
2012,2023,2,February,Uttar Pradesh,Rural,Miscellaneous,Transport and Communication,160.2,3.49,F
2012,2023,2,February,Uttar Pradesh,Urban,Miscellaneous,Transport and Communication,154.5,3.76,F
2012,2023,2,February,Uttar Pradesh,Combined,Miscellaneous,Transport and Communication,157.7,3.55,F
2012,2023,2,February,West Bengal,Rural,Miscellaneous,Transport and Communication,183.4,3.09,F
2012,2023,2,February,West Bengal,Urban,Miscellaneous,Transport and Communication,171.5,2.45,F
2012,2023,2,February,West Bengal,Combined,Miscellaneous,Transport and Communication,176.3,2.74,F
2012,2023,1,January,All India,Rural,Miscellaneous,Transport and Communication,168.2,4.60,F
2012,2023,1,January,All India,Urban,Miscellaneous,Transport and Communication,159.5,4.45,F
2012,2023,1,January,All India,Combined,Miscellaneous,Transport and Communication,163.6,4.54,F
2012,2023,1,January,Andhra Pradesh,Rural,Miscellaneous,Transport and Communication,187.5,14.19,F
2012,2023,1,January,Andhra Pradesh,Urban,Miscellaneous,Transport and Communication,174.5,13.31,F
2012,2023,1,January,Andhra Pradesh,Combined,Miscellaneous,Transport and Communication,182.3,13.87,F
2012,2023,1,January,Assam,Rural,Miscellaneous,Transport and Communication,168.0,1.88,F
2012,2023,1,January,Assam,Urban,Miscellaneous,Transport and Communication,154.2,2.12,F
2012,2023,1,January,Assam,Combined,Miscellaneous,Transport and Communication,164.3,1.92,F
2012,2023,1,January,Bihar,Rural,Miscellaneous,Transport and Communication,168.1,3.83,F
2012,2023,1,January,Bihar,Urban,Miscellaneous,Transport and Communication,157.6,3.55,F
2012,2023,1,January,Bihar,Combined,Miscellaneous,Transport and Communication,166.1,3.75,F
2012,2023,1,January,Chhattisgarh,Rural,Miscellaneous,Transport and Communication,154.8,2.72,F
2012,2023,1,January,Chhattisgarh,Urban,Miscellaneous,Transport and Communication,153.4,0.92,F
2012,2023,1,January,Chhattisgarh,Combined,Miscellaneous,Transport and Communication,154.1,1.85,F
2012,2023,1,January,Delhi,Rural,Miscellaneous,Transport and Communication,141.3,1.36,F
2012,2023,1,January,Delhi,Urban,Miscellaneous,Transport and Communication,157.7,1.41,F
2012,2023,1,January,Delhi,Combined,Miscellaneous,Transport and Communication,156.4,1.43,F
2012,2023,1,January,Gujarat,Rural,Miscellaneous,Transport and Communication,160.3,3.09,F
2012,2023,1,January,Gujarat,Urban,Miscellaneous,Transport and Communication,154.7,5.81,F
2012,2023,1,January,Gujarat,Combined,Miscellaneous,Transport and Communication,156.9,4.67,F
2012,2023,1,January,Haryana,Rural,Miscellaneous,Transport and Communication,169.4,3.61,F
2012,2023,1,January,Haryana,Urban,Miscellaneous,Transport and Communication,157.0,4.67,F
2012,2023,1,January,Haryana,Combined,Miscellaneous,Transport and Communication,162.9,4.09,F
2012,2023,1,January,Himachal Pradesh,Rural,Miscellaneous,Transport and Communication,157.5,0.06,F
2012,2023,1,January,Himachal Pradesh,Urban,Miscellaneous,Transport and Communication,150.4,1.62,F
2012,2023,1,January,Himachal Pradesh,Combined,Miscellaneous,Transport and Communication,156.2,0.32,F
2012,2023,1,January,Jammu & Kashmir,Rural,Miscellaneous,Transport and Communication,182.6,0.00,F
2012,2023,1,January,Jammu & Kashmir,Urban,Miscellaneous,Transport and Communication,165.3,3.31,F
2012,2023,1,January,Jammu & Kashmir,Combined,Miscellaneous,Transport and Communication,175.7,1.21,F
2012,2023,1,January,Jharkhand,Rural,Miscellaneous,Transport and Communication,167.6,1.88,F
2012,2023,1,January,Jharkhand,Urban,Miscellaneous,Transport and Communication,160.2,6.80,F
2012,2023,1,January,Jharkhand,Combined,Miscellaneous,Transport and Communication,164.2,3.99,F
2012,2023,1,January,Karnataka,Rural,Miscellaneous,Transport and Communication,163.2,3.68,F
2012,2023,1,January,Karnataka,Urban,Miscellaneous,Transport and Communication,155.6,3.46,F
2012,2023,1,January,Karnataka,Combined,Miscellaneous,Transport and Communication,158.7,3.52,F
2012,2023,1,January,Kerala,Rural,Miscellaneous,Transport and Communication,175.8,10.01,F
2012,2023,1,January,Kerala,Urban,Miscellaneous,Transport and Communication,165.6,8.02,F
2012,2023,1,January,Kerala,Combined,Miscellaneous,Transport and Communication,171.8,9.29,F
2012,2023,1,January,Madhya Pradesh,Rural,Miscellaneous,Transport and Communication,169.9,3.22,F
2012,2023,1,January,Madhya Pradesh,Urban,Miscellaneous,Transport and Communication,160.9,7.91,F
2012,2023,1,January,Madhya Pradesh,Combined,Miscellaneous,Transport and Communication,165.4,5.42,F
2012,2023,1,January,Maharashtra,Rural,Miscellaneous,Transport and Communication,165.3,1.35,F
2012,2023,1,January,Maharashtra,Urban,Miscellaneous,Transport and Communication,160.9,3.47,F
2012,2023,1,January,Maharashtra,Combined,Miscellaneous,Transport and Communication,162.2,2.79,F
2012,2023,1,January,Odisha,Rural,Miscellaneous,Transport and Communication,175.6,6.94,F
2012,2023,1,January,Odisha,Urban,Miscellaneous,Transport and Communication,153.1,3.59,F
2012,2023,1,January,Odisha,Combined,Miscellaneous,Transport and Communication,166.7,5.71,F
2012,2023,1,January,Punjab,Rural,Miscellaneous,Transport and Communication,162.8,4.43,F
2012,2023,1,January,Punjab,Urban,Miscellaneous,Transport and Communication,150.6,1.28,F
2012,2023,1,January,Punjab,Combined,Miscellaneous,Transport and Communication,157.7,3.14,F
2012,2023,1,January,Rajasthan,Rural,Miscellaneous,Transport and Communication,165.4,3.18,F
2012,2023,1,January,Rajasthan,Urban,Miscellaneous,Transport and Communication,158.6,4.34,F
2012,2023,1,January,Rajasthan,Combined,Miscellaneous,Transport and Communication,162.6,3.63,F
2012,2023,1,January,Tamil Nadu,Rural,Miscellaneous,Transport and Communication,165.5,2.16,F
2012,2023,1,January,Tamil Nadu,Urban,Miscellaneous,Transport and Communication,159.7,4.72,F
2012,2023,1,January,Tamil Nadu,Combined,Miscellaneous,Transport and Communication,162.0,3.65,F
2012,2023,1,January,Telangana,Rural,Miscellaneous,Transport and Communication,181.7,16.47,F
2012,2023,1,January,Telangana,Urban,Miscellaneous,Transport and Communication,163.1,7.30,F
2012,2023,1,January,Telangana,Combined,Miscellaneous,Transport and Communication,170.7,11.13,F
2012,2023,1,January,Uttarakhand,Rural,Miscellaneous,Transport and Communication,174.1,6.22,F
2012,2023,1,January,Uttarakhand,Urban,Miscellaneous,Transport and Communication,144.6,4.40,F
2012,2023,1,January,Uttarakhand,Combined,Miscellaneous,Transport and Communication,163.6,5.62,F
2012,2023,1,January,Uttar Pradesh,Rural,Miscellaneous,Transport and Communication,158.7,2.78,F
2012,2023,1,January,Uttar Pradesh,Urban,Miscellaneous,Transport and Communication,153.8,3.08,F
2012,2023,1,January,Uttar Pradesh,Combined,Miscellaneous,Transport and Communication,156.6,2.89,F
2012,2023,1,January,West Bengal,Rural,Miscellaneous,Transport and Communication,182.4,2.59,F
2012,2023,1,January,West Bengal,Urban,Miscellaneous,Transport and Communication,171.3,2.39,F
2012,2023,1,January,West Bengal,Combined,Miscellaneous,Transport and Communication,175.7,2.45,F
2012,2022,12,December,All India,Rural,Miscellaneous,Transport and Communication,167.8,4.81,F
2012,2022,12,December,All India,Urban,Miscellaneous,Transport and Communication,159.4,5.01,F
2012,2022,12,December,All India,Combined,Miscellaneous,Transport and Communication,163.4,4.95,F
2012,2022,12,December,Andhra Pradesh,Rural,Miscellaneous,Transport and Communication,187.3,14.28,F
2012,2022,12,December,Andhra Pradesh,Urban,Miscellaneous,Transport and Communication,174.3,14.15,F
2012,2022,12,December,Andhra Pradesh,Combined,Miscellaneous,Transport and Communication,182.1,14.24,F
2012,2022,12,December,Assam,Rural,Miscellaneous,Transport and Communication,167.8,2.25,F
2012,2022,12,December,Assam,Urban,Miscellaneous,Transport and Communication,154.0,2.46,F
2012,2022,12,December,Assam,Combined,Miscellaneous,Transport and Communication,164.1,2.31,F
2012,2022,12,December,Bihar,Rural,Miscellaneous,Transport and Communication,168.2,3.83,F
2012,2022,12,December,Bihar,Urban,Miscellaneous,Transport and Communication,157.8,5.20,F
2012,2022,12,December,Bihar,Combined,Miscellaneous,Transport and Communication,166.2,4.07,F
2012,2022,12,December,Chhattisgarh,Rural,Miscellaneous,Transport and Communication,154.6,3.07,F
2012,2022,12,December,Chhattisgarh,Urban,Miscellaneous,Transport and Communication,153.1,0.86,F
2012,2022,12,December,Chhattisgarh,Combined,Miscellaneous,Transport and Communication,153.9,2.06,F
2012,2022,12,December,Delhi,Rural,Miscellaneous,Transport and Communication,141.1,1.15,F
2012,2022,12,December,Delhi,Urban,Miscellaneous,Transport and Communication,157.3,1.22,F
2012,2022,12,December,Delhi,Combined,Miscellaneous,Transport and Communication,156.0,1.23,F
2012,2022,12,December,Gujarat,Rural,Miscellaneous,Transport and Communication,160.0,3.16,F
2012,2022,12,December,Gujarat,Urban,Miscellaneous,Transport and Communication,154.3,5.83,F
2012,2022,12,December,Gujarat,Combined,Miscellaneous,Transport and Communication,156.5,4.68,F
2012,2022,12,December,Haryana,Rural,Miscellaneous,Transport and Communication,168.9,3.62,F
2012,2022,12,December,Haryana,Urban,Miscellaneous,Transport and Communication,156.9,5.66,F
2012,2022,12,December,Haryana,Combined,Miscellaneous,Transport and Communication,162.6,4.63,F
2012,2022,12,December,Himachal Pradesh,Rural,Miscellaneous,Transport and Communication,157.4,0.77,F
2012,2022,12,December,Himachal Pradesh,Urban,Miscellaneous,Transport and Communication,149.7,-1.84,F
2012,2022,12,December,Himachal Pradesh,Combined,Miscellaneous,Transport and Communication,156.0,0.32,F
2012,2022,12,December,Jammu & Kashmir,Rural,Miscellaneous,Transport and Communication,182.8,0.38,F
2012,2022,12,December,Jammu & Kashmir,Urban,Miscellaneous,Transport and Communication,165.3,3.44,F
2012,2022,12,December,Jammu & Kashmir,Combined,Miscellaneous,Transport and Communication,175.8,1.50,F
2012,2022,12,December,Jharkhand,Rural,Miscellaneous,Transport and Communication,167.5,2.07,F
2012,2022,12,December,Jharkhand,Urban,Miscellaneous,Transport and Communication,159.1,5.85,F
2012,2022,12,December,Jharkhand,Combined,Miscellaneous,Transport and Communication,163.7,3.74,F
2012,2022,12,December,Karnataka,Rural,Miscellaneous,Transport and Communication,163.0,3.69,F
2012,2022,12,December,Karnataka,Urban,Miscellaneous,Transport and Communication,155.6,3.60,F
2012,2022,12,December,Karnataka,Combined,Miscellaneous,Transport and Communication,158.7,3.66,F
2012,2022,12,December,Kerala,Rural,Miscellaneous,Transport and Communication,173.7,9.31,F
2012,2022,12,December,Kerala,Urban,Miscellaneous,Transport and Communication,164.7,7.86,F
2012,2022,12,December,Kerala,Combined,Miscellaneous,Transport and Communication,170.1,8.69,F
2012,2022,12,December,Madhya Pradesh,Rural,Miscellaneous,Transport and Communication,169.5,3.42,F
2012,2022,12,December,Madhya Pradesh,Urban,Miscellaneous,Transport and Communication,159.5,8.06,F
2012,2022,12,December,Madhya Pradesh,Combined,Miscellaneous,Transport and Communication,164.5,5.58,F
2012,2022,12,December,Maharashtra,Rural,Miscellaneous,Transport and Communication,165.4,2.67,F
2012,2022,12,December,Maharashtra,Urban,Miscellaneous,Transport and Communication,161.0,4.61,F
2012,2022,12,December,Maharashtra,Combined,Miscellaneous,Transport and Communication,162.3,3.97,F
2012,2022,12,December,Odisha,Rural,Miscellaneous,Transport and Communication,174.5,6.79,F
2012,2022,12,December,Odisha,Urban,Miscellaneous,Transport and Communication,152.7,3.39,F
2012,2022,12,December,Odisha,Combined,Miscellaneous,Transport and Communication,165.9,5.53,F
2012,2022,12,December,Punjab,Rural,Miscellaneous,Transport and Communication,162.1,4.24,F
2012,2022,12,December,Punjab,Urban,Miscellaneous,Transport and Communication,150.5,1.42,F
2012,2022,12,December,Punjab,Combined,Miscellaneous,Transport and Communication,157.2,3.08,F
2012,2022,12,December,Rajasthan,Rural,Miscellaneous,Transport and Communication,164.9,3.39,F
2012,2022,12,December,Rajasthan,Urban,Miscellaneous,Transport and Communication,158.4,5.11,F
2012,2022,12,December,Rajasthan,Combined,Miscellaneous,Transport and Communication,162.2,4.04,F
2012,2022,12,December,Tamil Nadu,Rural,Miscellaneous,Transport and Communication,165.4,2.80,F
2012,2022,12,December,Tamil Nadu,Urban,Miscellaneous,Transport and Communication,159.7,3.84,F
2012,2022,12,December,Tamil Nadu,Combined,Miscellaneous,Transport and Communication,162.0,3.38,F
2012,2022,12,December,Telangana,Rural,Miscellaneous,Transport and Communication,181.5,17.17,F
2012,2022,12,December,Telangana,Urban,Miscellaneous,Transport and Communication,163.2,7.65,F
2012,2022,12,December,Telangana,Combined,Miscellaneous,Transport and Communication,170.7,11.64,F
2012,2022,12,December,Uttarakhand,Rural,Miscellaneous,Transport and Communication,173.8,4.32,F
2012,2022,12,December,Uttarakhand,Urban,Miscellaneous,Transport and Communication,144.0,4.35,F
2012,2022,12,December,Uttarakhand,Combined,Miscellaneous,Transport and Communication,163.2,4.28,F
2012,2022,12,December,Uttar Pradesh,Rural,Miscellaneous,Transport and Communication,158.5,3.32,F
2012,2022,12,December,Uttar Pradesh,Urban,Miscellaneous,Transport and Communication,154.3,6.05,F
2012,2022,12,December,Uttar Pradesh,Combined,Miscellaneous,Transport and Communication,156.7,4.47,F
2012,2022,12,December,West Bengal,Rural,Miscellaneous,Transport and Communication,182.1,2.36,F
2012,2022,12,December,West Bengal,Urban,Miscellaneous,Transport and Communication,171.0,2.95,F
2012,2022,12,December,West Bengal,Combined,Miscellaneous,Transport and Communication,175.4,2.69,F
2012,2022,11,November,All India,Rural,Miscellaneous,Transport and Communication,167.5,5.41,F
2012,2022,11,November,All India,Urban,Miscellaneous,Transport and Communication,158.9,5.09,F
2012,2022,11,November,All India,Combined,Miscellaneous,Transport and Communication,163.0,5.30,F
2012,2022,11,November,Andhra Pradesh,Rural,Miscellaneous,Transport and Communication,186.5,14.91,F
2012,2022,11,November,Andhra Pradesh,Urban,Miscellaneous,Transport and Communication,174.1,15.15,F
2012,2022,11,November,Andhra Pradesh,Combined,Miscellaneous,Transport and Communication,181.5,15.02,F
2012,2022,11,November,Assam,Rural,Miscellaneous,Transport and Communication,167.8,2.88,F
2012,2022,11,November,Assam,Urban,Miscellaneous,Transport and Communication,154.9,3.20,F
2012,2022,11,November,Assam,Combined,Miscellaneous,Transport and Communication,164.4,3.01,F
2012,2022,11,November,Bihar,Rural,Miscellaneous,Transport and Communication,168.1,4.47,F
2012,2022,11,November,Bihar,Urban,Miscellaneous,Transport and Communication,158.1,5.75,F
2012,2022,11,November,Bihar,Combined,Miscellaneous,Transport and Communication,166.2,4.66,F
2012,2022,11,November,Chhattisgarh,Rural,Miscellaneous,Transport and Communication,154.5,3.21,F
2012,2022,11,November,Chhattisgarh,Urban,Miscellaneous,Transport and Communication,153.2,0.39,F
2012,2022,11,November,Chhattisgarh,Combined,Miscellaneous,Transport and Communication,153.9,1.85,F
2012,2022,11,November,Delhi,Rural,Miscellaneous,Transport and Communication,141.0,2.40,F
2012,2022,11,November,Delhi,Urban,Miscellaneous,Transport and Communication,157.2,-1.75,F
2012,2022,11,November,Delhi,Combined,Miscellaneous,Transport and Communication,155.9,-1.45,F
2012,2022,11,November,Gujarat,Rural,Miscellaneous,Transport and Communication,159.8,4.65,F
2012,2022,11,November,Gujarat,Urban,Miscellaneous,Transport and Communication,153.8,6.73,F
2012,2022,11,November,Gujarat,Combined,Miscellaneous,Transport and Communication,156.2,5.90,F
2012,2022,11,November,Haryana,Rural,Miscellaneous,Transport and Communication,168.8,6.10,F
2012,2022,11,November,Haryana,Urban,Miscellaneous,Transport and Communication,157.2,7.23,F
2012,2022,11,November,Haryana,Combined,Miscellaneous,Transport and Communication,162.7,6.62,F
2012,2022,11,November,Himachal Pradesh,Rural,Miscellaneous,Transport and Communication,157.4,0.90,F
2012,2022,11,November,Himachal Pradesh,Urban,Miscellaneous,Transport and Communication,150.5,-1.12,F
2012,2022,11,November,Himachal Pradesh,Combined,Miscellaneous,Transport and Communication,156.2,0.58,F
2012,2022,11,November,Jammu & Kashmir,Rural,Miscellaneous,Transport and Communication,182.7,2.76,F
2012,2022,11,November,Jammu & Kashmir,Urban,Miscellaneous,Transport and Communication,165.2,2.86,F
2012,2022,11,November,Jammu & Kashmir,Combined,Miscellaneous,Transport and Communication,175.7,2.81,F
2012,2022,11,November,Jharkhand,Rural,Miscellaneous,Transport and Communication,167.4,2.26,F
2012,2022,11,November,Jharkhand,Urban,Miscellaneous,Transport and Communication,158.9,5.72,F
2012,2022,11,November,Jharkhand,Combined,Miscellaneous,Transport and Communication,163.5,3.74,F
2012,2022,11,November,Karnataka,Rural,Miscellaneous,Transport and Communication,162.8,3.50,F
2012,2022,11,November,Karnataka,Urban,Miscellaneous,Transport and Communication,155.6,3.11,F
2012,2022,11,November,Karnataka,Combined,Miscellaneous,Transport and Communication,158.6,3.32,F
2012,2022,11,November,Kerala,Rural,Miscellaneous,Transport and Communication,173.6,9.11,F
2012,2022,11,November,Kerala,Urban,Miscellaneous,Transport and Communication,163.7,7.20,F
2012,2022,11,November,Kerala,Combined,Miscellaneous,Transport and Communication,169.7,8.37,F
2012,2022,11,November,Madhya Pradesh,Rural,Miscellaneous,Transport and Communication,169.3,4.96,F
2012,2022,11,November,Madhya Pradesh,Urban,Miscellaneous,Transport and Communication,158.4,6.24,F
2012,2022,11,November,Madhya Pradesh,Combined,Miscellaneous,Transport and Communication,163.9,5.61,F
2012,2022,11,November,Maharashtra,Rural,Miscellaneous,Transport and Communication,165.2,3.57,F
2012,2022,11,November,Maharashtra,Urban,Miscellaneous,Transport and Communication,160.2,6.52,F
2012,2022,11,November,Maharashtra,Combined,Miscellaneous,Transport and Communication,161.7,5.62,F
2012,2022,11,November,Odisha,Rural,Miscellaneous,Transport and Communication,173.7,7.55,F
2012,2022,11,November,Odisha,Urban,Miscellaneous,Transport and Communication,152.5,3.18,F
2012,2022,11,November,Odisha,Combined,Miscellaneous,Transport and Communication,165.3,5.89,F
2012,2022,11,November,Punjab,Rural,Miscellaneous,Transport and Communication,161.8,3.72,F
2012,2022,11,November,Punjab,Urban,Miscellaneous,Transport and Communication,149.6,0.34,F
2012,2022,11,November,Punjab,Combined,Miscellaneous,Transport and Communication,156.7,2.35,F
2012,2022,11,November,Rajasthan,Rural,Miscellaneous,Transport and Communication,164.4,3.66,F
2012,2022,11,November,Rajasthan,Urban,Miscellaneous,Transport and Communication,157.1,4.11,F
2012,2022,11,November,Rajasthan,Combined,Miscellaneous,Transport and Communication,161.4,3.86,F
2012,2022,11,November,Tamil Nadu,Rural,Miscellaneous,Transport and Communication,165.2,1.85,F
2012,2022,11,November,Tamil Nadu,Urban,Miscellaneous,Transport and Communication,159.5,3.44,F
2012,2022,11,November,Tamil Nadu,Combined,Miscellaneous,Transport and Communication,161.8,2.80,F
2012,2022,11,November,Telangana,Rural,Miscellaneous,Transport and Communication,180.3,16.62,F
2012,2022,11,November,Telangana,Urban,Miscellaneous,Transport and Communication,163.0,7.31,F
2012,2022,11,November,Telangana,Combined,Miscellaneous,Transport and Communication,170.1,11.18,F
2012,2022,11,November,Uttarakhand,Rural,Miscellaneous,Transport and Communication,173.7,5.08,F
2012,2022,11,November,Uttarakhand,Urban,Miscellaneous,Transport and Communication,143.7,3.46,F
2012,2022,11,November,Uttarakhand,Combined,Miscellaneous,Transport and Communication,163.1,4.62,F
2012,2022,11,November,Uttar Pradesh,Rural,Miscellaneous,Transport and Communication,158.3,4.35,F
2012,2022,11,November,Uttar Pradesh,Urban,Miscellaneous,Transport and Communication,154.3,7.23,F
2012,2022,11,November,Uttar Pradesh,Combined,Miscellaneous,Transport and Communication,156.6,5.60,F
2012,2022,11,November,West Bengal,Rural,Miscellaneous,Transport and Communication,181.9,4.66,F
2012,2022,11,November,West Bengal,Urban,Miscellaneous,Transport and Communication,170.8,2.52,F
2012,2022,11,November,West Bengal,Combined,Miscellaneous,Transport and Communication,175.2,3.36,F
2012,2022,10,October,All India,Rural,Miscellaneous,Transport and Communication,167.4,4.95,F
2012,2022,10,October,All India,Urban,Miscellaneous,Transport and Communication,158.8,4.34,F
2012,2022,10,October,All India,Combined,Miscellaneous,Transport and Communication,162.9,4.62,F
2012,2022,10,October,Andhra Pradesh,Rural,Miscellaneous,Transport and Communication,186.1,14.95,F
2012,2022,10,October,Andhra Pradesh,Urban,Miscellaneous,Transport and Communication,173.3,14.46,F
2012,2022,10,October,Andhra Pradesh,Combined,Miscellaneous,Transport and Communication,181.0,14.77,F
2012,2022,10,October,Assam,Rural,Miscellaneous,Transport and Communication,169.6,3.86,F
2012,2022,10,October,Assam,Urban,Miscellaneous,Transport and Communication,154.7,1.71,F
2012,2022,10,October,Assam,Combined,Miscellaneous,Transport and Communication,165.6,3.31,F
2012,2022,10,October,Bihar,Rural,Miscellaneous,Transport and Communication,167.7,4.23,F
2012,2022,10,October,Bihar,Urban,Miscellaneous,Transport and Communication,157.6,4.93,F
2012,2022,10,October,Bihar,Combined,Miscellaneous,Transport and Communication,165.8,4.34,F
2012,2022,10,October,Chhattisgarh,Rural,Miscellaneous,Transport and Communication,154.2,3.07,F
2012,2022,10,October,Chhattisgarh,Urban,Miscellaneous,Transport and Communication,152.8,0.20,F
2012,2022,10,October,Chhattisgarh,Combined,Miscellaneous,Transport and Communication,153.5,1.66,F
2012,2022,10,October,Delhi,Rural,Miscellaneous,Transport and Communication,141.0,2.40,F
2012,2022,10,October,Delhi,Urban,Miscellaneous,Transport and Communication,157.2,-2.00,F
2012,2022,10,October,Delhi,Combined,Miscellaneous,Transport and Communication,155.9,-1.64,F
2012,2022,10,October,Gujarat,Rural,Miscellaneous,Transport and Communication,159.6,3.70,F
2012,2022,10,October,Gujarat,Urban,Miscellaneous,Transport and Communication,152.9,4.37,F
2012,2022,10,October,Gujarat,Combined,Miscellaneous,Transport and Communication,155.5,4.08,F
2012,2022,10,October,Haryana,Rural,Miscellaneous,Transport and Communication,168.5,4.27,F
2012,2022,10,October,Haryana,Urban,Miscellaneous,Transport and Communication,157.0,5.23,F
2012,2022,10,October,Haryana,Combined,Miscellaneous,Transport and Communication,162.5,4.77,F
2012,2022,10,October,Himachal Pradesh,Rural,Miscellaneous,Transport and Communication,157.0,0.00,F
2012,2022,10,October,Himachal Pradesh,Urban,Miscellaneous,Transport and Communication,150.4,-1.89,F
2012,2022,10,October,Himachal Pradesh,Combined,Miscellaneous,Transport and Communication,155.8,-0.32,F
2012,2022,10,October,Jammu & Kashmir,Rural,Miscellaneous,Transport and Communication,182.6,2.64,F
2012,2022,10,October,Jammu & Kashmir,Urban,Miscellaneous,Transport and Communication,165.1,1.66,F
2012,2022,10,October,Jammu & Kashmir,Combined,Miscellaneous,Transport and Communication,175.6,2.27,F
2012,2022,10,October,Jharkhand,Rural,Miscellaneous,Transport and Communication,167.3,1.95,F
2012,2022,10,October,Jharkhand,Urban,Miscellaneous,Transport and Communication,159.1,6.14,F
2012,2022,10,October,Jharkhand,Combined,Miscellaneous,Transport and Communication,163.6,3.81,F
2012,2022,10,October,Karnataka,Rural,Miscellaneous,Transport and Communication,162.2,1.69,F
2012,2022,10,October,Karnataka,Urban,Miscellaneous,Transport and Communication,155.1,1.37,F
2012,2022,10,October,Karnataka,Combined,Miscellaneous,Transport and Communication,158.0,1.48,F
2012,2022,10,October,Kerala,Rural,Miscellaneous,Transport and Communication,173.8,8.97,F
2012,2022,10,October,Kerala,Urban,Miscellaneous,Transport and Communication,163.6,7.21,F
2012,2022,10,October,Kerala,Combined,Miscellaneous,Transport and Communication,169.8,8.29,F
2012,2022,10,October,Madhya Pradesh,Rural,Miscellaneous,Transport and Communication,169.1,4.38,F
2012,2022,10,October,Madhya Pradesh,Urban,Miscellaneous,Transport and Communication,158.1,6.39,F
2012,2022,10,October,Madhya Pradesh,Combined,Miscellaneous,Transport and Communication,163.6,5.34,F
2012,2022,10,October,Maharashtra,Rural,Miscellaneous,Transport and Communication,165.7,5.95,F
2012,2022,10,October,Maharashtra,Urban,Miscellaneous,Transport and Communication,160.6,6.64,F
2012,2022,10,October,Maharashtra,Combined,Miscellaneous,Transport and Communication,162.1,6.43,F
2012,2022,10,October,Odisha,Rural,Miscellaneous,Transport and Communication,173.3,7.31,F
2012,2022,10,October,Odisha,Urban,Miscellaneous,Transport and Communication,152.6,0.66,F
2012,2022,10,October,Odisha,Combined,Miscellaneous,Transport and Communication,165.1,4.76,F
2012,2022,10,October,Punjab,Rural,Miscellaneous,Transport and Communication,161.5,1.25,F
2012,2022,10,October,Punjab,Urban,Miscellaneous,Transport and Communication,149.7,-2.16,F
2012,2022,10,October,Punjab,Combined,Miscellaneous,Transport and Communication,156.5,-0.19,F
2012,2022,10,October,Rajasthan,Rural,Miscellaneous,Transport and Communication,164.4,3.01,F
2012,2022,10,October,Rajasthan,Urban,Miscellaneous,Transport and Communication,156.5,3.37,F
2012,2022,10,October,Rajasthan,Combined,Miscellaneous,Transport and Communication,161.2,3.20,F
2012,2022,10,October,Tamil Nadu,Rural,Miscellaneous,Transport and Communication,165.0,1.23,F
2012,2022,10,October,Tamil Nadu,Urban,Miscellaneous,Transport and Communication,159.4,2.64,F
2012,2022,10,October,Tamil Nadu,Combined,Miscellaneous,Transport and Communication,161.7,2.08,F
2012,2022,10,October,Telangana,Rural,Miscellaneous,Transport and Communication,179.3,16.20,F
2012,2022,10,October,Telangana,Urban,Miscellaneous,Transport and Communication,162.7,6.69,F
2012,2022,10,October,Telangana,Combined,Miscellaneous,Transport and Communication,169.5,10.64,F
2012,2022,10,October,Uttarakhand,Rural,Miscellaneous,Transport and Communication,173.7,5.02,F
2012,2022,10,October,Uttarakhand,Urban,Miscellaneous,Transport and Communication,143.6,1.92,F
2012,2022,10,October,Uttarakhand,Combined,Miscellaneous,Transport and Communication,163.0,4.02,F
2012,2022,10,October,Uttar Pradesh,Rural,Miscellaneous,Transport and Communication,158.2,3.53,F
2012,2022,10,October,Uttar Pradesh,Urban,Miscellaneous,Transport and Communication,153.9,5.92,F
2012,2022,10,October,Uttar Pradesh,Combined,Miscellaneous,Transport and Communication,156.3,4.48,F
2012,2022,10,October,West Bengal,Rural,Miscellaneous,Transport and Communication,181.6,4.31,F
2012,2022,10,October,West Bengal,Urban,Miscellaneous,Transport and Communication,170.9,3.01,F
2012,2022,10,October,West Bengal,Combined,Miscellaneous,Transport and Communication,175.2,3.55,F
2012,2022,9,September,All India,Rural,Miscellaneous,Transport and Communication,166.9,5.77,F
2012,2022,9,September,All India,Urban,Miscellaneous,Transport and Communication,158.2,5.12,F
2012,2022,9,September,All India,Combined,Miscellaneous,Transport and Communication,162.3,5.39,F
2012,2022,9,September,Andhra Pradesh,Rural,Miscellaneous,Transport and Communication,181.5,12.80,F
2012,2022,9,September,Andhra Pradesh,Urban,Miscellaneous,Transport and Communication,172.6,15.30,F
2012,2022,9,September,Andhra Pradesh,Combined,Miscellaneous,Transport and Communication,177.9,13.75,F
2012,2022,9,September,Assam,Rural,Miscellaneous,Transport and Communication,169.4,4.57,F
2012,2022,9,September,Assam,Urban,Miscellaneous,Transport and Communication,154.9,2.45,F
2012,2022,9,September,Assam,Combined,Miscellaneous,Transport and Communication,165.5,4.02,F
2012,2022,9,September,Bihar,Rural,Miscellaneous,Transport and Communication,167.4,4.63,F
2012,2022,9,September,Bihar,Urban,Miscellaneous,Transport and Communication,157.4,6.50,F
2012,2022,9,September,Bihar,Combined,Miscellaneous,Transport and Communication,165.5,4.95,F
2012,2022,9,September,Chhattisgarh,Rural,Miscellaneous,Transport and Communication,154.0,4.19,F
2012,2022,9,September,Chhattisgarh,Urban,Miscellaneous,Transport and Communication,152.9,2.00,F
2012,2022,9,September,Chhattisgarh,Combined,Miscellaneous,Transport and Communication,153.5,3.16,F
2012,2022,9,September,Delhi,Rural,Miscellaneous,Transport and Communication,140.7,3.53,F
2012,2022,9,September,Delhi,Urban,Miscellaneous,Transport and Communication,157.2,-0.57,F
2012,2022,9,September,Delhi,Combined,Miscellaneous,Transport and Communication,155.8,-0.32,F
2012,2022,9,September,Gujarat,Rural,Miscellaneous,Transport and Communication,159.2,4.74,F
2012,2022,9,September,Gujarat,Urban,Miscellaneous,Transport and Communication,152.7,5.82,F
2012,2022,9,September,Gujarat,Combined,Miscellaneous,Transport and Communication,155.3,5.43,F
2012,2022,9,September,Haryana,Rural,Miscellaneous,Transport and Communication,168.3,5.72,F
2012,2022,9,September,Haryana,Urban,Miscellaneous,Transport and Communication,156.7,5.95,F
2012,2022,9,September,Haryana,Combined,Miscellaneous,Transport and Communication,162.2,5.81,F
2012,2022,9,September,Himachal Pradesh,Rural,Miscellaneous,Transport and Communication,158.1,1.09,F
2012,2022,9,September,Himachal Pradesh,Urban,Miscellaneous,Transport and Communication,150.3,-0.66,F
2012,2022,9,September,Himachal Pradesh,Combined,Miscellaneous,Transport and Communication,156.7,0.77,F
2012,2022,9,September,Jammu & Kashmir,Rural,Miscellaneous,Transport and Communication,182.6,3.11,F
2012,2022,9,September,Jammu & Kashmir,Urban,Miscellaneous,Transport and Communication,165.4,2.86,F
2012,2022,9,September,Jammu & Kashmir,Combined,Miscellaneous,Transport and Communication,175.7,2.99,F
2012,2022,9,September,Jharkhand,Rural,Miscellaneous,Transport and Communication,167.3,1.76,F
2012,2022,9,September,Jharkhand,Urban,Miscellaneous,Transport and Communication,158.1,7.04,F
2012,2022,9,September,Jharkhand,Combined,Miscellaneous,Transport and Communication,163.1,4.02,F
2012,2022,9,September,Karnataka,Rural,Miscellaneous,Transport and Communication,161.3,1.77,F
2012,2022,9,September,Karnataka,Urban,Miscellaneous,Transport and Communication,154.7,2.72,F
2012,2022,9,September,Karnataka,Combined,Miscellaneous,Transport and Communication,157.4,2.27,F
2012,2022,9,September,Kerala,Rural,Miscellaneous,Transport and Communication,173.6,9.87,F
2012,2022,9,September,Kerala,Urban,Miscellaneous,Transport and Communication,163.2,7.94,F
2012,2022,9,September,Kerala,Combined,Miscellaneous,Transport and Communication,169.5,9.14,F
2012,2022,9,September,Madhya Pradesh,Rural,Miscellaneous,Transport and Communication,169.0,5.56,F
2012,2022,9,September,Madhya Pradesh,Urban,Miscellaneous,Transport and Communication,158.1,8.29,F
2012,2022,9,September,Madhya Pradesh,Combined,Miscellaneous,Transport and Communication,163.6,6.86,F
2012,2022,9,September,Maharashtra,Rural,Miscellaneous,Transport and Communication,165.4,7.19,F
2012,2022,9,September,Maharashtra,Urban,Miscellaneous,Transport and Communication,158.7,5.66,F
2012,2022,9,September,Maharashtra,Combined,Miscellaneous,Transport and Communication,160.7,6.14,F
2012,2022,9,September,Odisha,Rural,Miscellaneous,Transport and Communication,173.0,8.94,F
2012,2022,9,September,Odisha,Urban,Miscellaneous,Transport and Communication,152.6,3.53,F
2012,2022,9,September,Odisha,Combined,Miscellaneous,Transport and Communication,164.9,6.87,F
2012,2022,9,September,Punjab,Rural,Miscellaneous,Transport and Communication,160.9,2.55,F
2012,2022,9,September,Punjab,Urban,Miscellaneous,Transport and Communication,149.4,-0.99,F
2012,2022,9,September,Punjab,Combined,Miscellaneous,Transport and Communication,156.1,1.10,F
2012,2022,9,September,Rajasthan,Rural,Miscellaneous,Transport and Communication,164.3,4.12,F
2012,2022,9,September,Rajasthan,Urban,Miscellaneous,Transport and Communication,156.6,5.10,F
2012,2022,9,September,Rajasthan,Combined,Miscellaneous,Transport and Communication,161.1,4.47,F
2012,2022,9,September,Tamil Nadu,Rural,Miscellaneous,Transport and Communication,164.7,1.86,F
2012,2022,9,September,Tamil Nadu,Urban,Miscellaneous,Transport and Communication,159.0,3.65,F
2012,2022,9,September,Tamil Nadu,Combined,Miscellaneous,Transport and Communication,161.3,2.94,F
2012,2022,9,September,Telangana,Rural,Miscellaneous,Transport and Communication,179.1,16.83,F
2012,2022,9,September,Telangana,Urban,Miscellaneous,Transport and Communication,162.4,8.05,F
2012,2022,9,September,Telangana,Combined,Miscellaneous,Transport and Communication,169.2,11.68,F
2012,2022,9,September,Uttarakhand,Rural,Miscellaneous,Transport and Communication,173.6,5.60,F
2012,2022,9,September,Uttarakhand,Urban,Miscellaneous,Transport and Communication,142.5,2.30,F
2012,2022,9,September,Uttarakhand,Combined,Miscellaneous,Transport and Communication,162.6,4.57,F
2012,2022,9,September,Uttar Pradesh,Rural,Miscellaneous,Transport and Communication,158.0,4.64,F
2012,2022,9,September,Uttar Pradesh,Urban,Miscellaneous,Transport and Communication,154.3,7.60,F
2012,2022,9,September,Uttar Pradesh,Combined,Miscellaneous,Transport and Communication,156.4,5.89,F
2012,2022,9,September,West Bengal,Rural,Miscellaneous,Transport and Communication,181.2,4.86,F
2012,2022,9,September,West Bengal,Urban,Miscellaneous,Transport and Communication,170.4,3.84,F
2012,2022,9,September,West Bengal,Combined,Miscellaneous,Transport and Communication,174.7,4.24,F
2012,2022,8,August,All India,Rural,Miscellaneous,Transport and Communication,166.6,5.64,F
2012,2022,8,August,All India,Urban,Miscellaneous,Transport and Communication,157.7,4.85,F
2012,2022,8,August,All India,Combined,Miscellaneous,Transport and Communication,161.9,5.20,F
2012,2022,8,August,Andhra Pradesh,Rural,Miscellaneous,Transport and Communication,179.9,11.81,F
2012,2022,8,August,Andhra Pradesh,Urban,Miscellaneous,Transport and Communication,172.1,14.66,F
2012,2022,8,August,Andhra Pradesh,Combined,Miscellaneous,Transport and Communication,176.8,12.90,F
2012,2022,8,August,Assam,Rural,Miscellaneous,Transport and Communication,169.0,4.26,F
2012,2022,8,August,Assam,Urban,Miscellaneous,Transport and Communication,154.7,1.91,F
2012,2022,8,August,Assam,Combined,Miscellaneous,Transport and Communication,165.2,3.64,F
2012,2022,8,August,Bihar,Rural,Miscellaneous,Transport and Communication,166.9,4.25,F
2012,2022,8,August,Bihar,Urban,Miscellaneous,Transport and Communication,157.6,6.92,F
2012,2022,8,August,Bihar,Combined,Miscellaneous,Transport and Communication,165.2,4.76,F
2012,2022,8,August,Chhattisgarh,Rural,Miscellaneous,Transport and Communication,153.7,4.20,F
2012,2022,8,August,Chhattisgarh,Urban,Miscellaneous,Transport and Communication,152.7,1.94,F
2012,2022,8,August,Chhattisgarh,Combined,Miscellaneous,Transport and Communication,153.2,3.10,F
2012,2022,8,August,Delhi,Rural,Miscellaneous,Transport and Communication,140.7,3.46,F
2012,2022,8,August,Delhi,Urban,Miscellaneous,Transport and Communication,157.4,-0.51,F
2012,2022,8,August,Delhi,Combined,Miscellaneous,Transport and Communication,156.0,-0.26,F
2012,2022,8,August,Gujarat,Rural,Miscellaneous,Transport and Communication,159.0,4.54,F
2012,2022,8,August,Gujarat,Urban,Miscellaneous,Transport and Communication,152.2,5.33,F
2012,2022,8,August,Gujarat,Combined,Miscellaneous,Transport and Communication,154.9,5.02,F
2012,2022,8,August,Haryana,Rural,Miscellaneous,Transport and Communication,168.0,6.19,F
2012,2022,8,August,Haryana,Urban,Miscellaneous,Transport and Communication,156.4,6.03,F
2012,2022,8,August,Haryana,Combined,Miscellaneous,Transport and Communication,161.9,6.09,F
2012,2022,8,August,Himachal Pradesh,Rural,Miscellaneous,Transport and Communication,158.0,0.77,F
2012,2022,8,August,Himachal Pradesh,Urban,Miscellaneous,Transport and Communication,149.3,-2.29,F
2012,2022,8,August,Himachal Pradesh,Combined,Miscellaneous,Transport and Communication,156.4,0.19,F
2012,2022,8,August,Jammu & Kashmir,Rural,Miscellaneous,Transport and Communication,182.3,2.94,F
2012,2022,8,August,Jammu & Kashmir,Urban,Miscellaneous,Transport and Communication,164.2,2.31,F
2012,2022,8,August,Jammu & Kashmir,Combined,Miscellaneous,Transport and Communication,175.1,2.70,F
2012,2022,8,August,Jharkhand,Rural,Miscellaneous,Transport and Communication,167.1,1.70,F
2012,2022,8,August,Jharkhand,Urban,Miscellaneous,Transport and Communication,157.7,6.92,F
2012,2022,8,August,Jharkhand,Combined,Miscellaneous,Transport and Communication,162.8,3.89,F
2012,2022,8,August,Karnataka,Rural,Miscellaneous,Transport and Communication,161.2,1.45,F
2012,2022,8,August,Karnataka,Urban,Miscellaneous,Transport and Communication,153.6,1.92,F
2012,2022,8,August,Karnataka,Combined,Miscellaneous,Transport and Communication,156.7,1.69,F
2012,2022,8,August,Kerala,Rural,Miscellaneous,Transport and Communication,173.5,10.02,F
2012,2022,8,August,Kerala,Urban,Miscellaneous,Transport and Communication,162.8,8.53,F
2012,2022,8,August,Kerala,Combined,Miscellaneous,Transport and Communication,169.3,9.44,F
2012,2022,8,August,Madhya Pradesh,Rural,Miscellaneous,Transport and Communication,168.5,6.04,F
2012,2022,8,August,Madhya Pradesh,Urban,Miscellaneous,Transport and Communication,157.1,7.24,F
2012,2022,8,August,Madhya Pradesh,Combined,Miscellaneous,Transport and Communication,162.8,6.61,F
2012,2022,8,August,Maharashtra,Rural,Miscellaneous,Transport and Communication,165.2,7.06,F
2012,2022,8,August,Maharashtra,Urban,Miscellaneous,Transport and Communication,158.2,5.75,F
2012,2022,8,August,Maharashtra,Combined,Miscellaneous,Transport and Communication,160.3,6.16,F
2012,2022,8,August,Odisha,Rural,Miscellaneous,Transport and Communication,172.7,9.44,F
2012,2022,8,August,Odisha,Urban,Miscellaneous,Transport and Communication,153.0,3.94,F
2012,2022,8,August,Odisha,Combined,Miscellaneous,Transport and Communication,164.9,7.36,F
2012,2022,8,August,Punjab,Rural,Miscellaneous,Transport and Communication,160.6,2.10,F
2012,2022,8,August,Punjab,Urban,Miscellaneous,Transport and Communication,149.1,-2.55,F
2012,2022,8,August,Punjab,Combined,Miscellaneous,Transport and Communication,155.8,0.19,F
2012,2022,8,August,Rajasthan,Rural,Miscellaneous,Transport and Communication,164.2,4.06,F
2012,2022,8,August,Rajasthan,Urban,Miscellaneous,Transport and Communication,156.4,6.32,F
2012,2022,8,August,Rajasthan,Combined,Miscellaneous,Transport and Communication,161.0,4.95,F
2012,2022,8,August,Tamil Nadu,Rural,Miscellaneous,Transport and Communication,164.5,1.42,F
2012,2022,8,August,Tamil Nadu,Urban,Miscellaneous,Transport and Communication,157.6,2.34,F
2012,2022,8,August,Tamil Nadu,Combined,Miscellaneous,Transport and Communication,160.4,1.97,F
2012,2022,8,August,Telangana,Rural,Miscellaneous,Transport and Communication,178.6,16.12,F
2012,2022,8,August,Telangana,Urban,Miscellaneous,Transport and Communication,162.2,7.77,F
2012,2022,8,August,Telangana,Combined,Miscellaneous,Transport and Communication,168.9,11.26,F
2012,2022,8,August,Uttarakhand,Rural,Miscellaneous,Transport and Communication,173.3,6.84,F
2012,2022,8,August,Uttarakhand,Urban,Miscellaneous,Transport and Communication,142.1,2.23,F
2012,2022,8,August,Uttarakhand,Combined,Miscellaneous,Transport and Communication,162.2,5.32,F
2012,2022,8,August,Uttar Pradesh,Rural,Miscellaneous,Transport and Communication,157.7,4.30,F
2012,2022,8,August,Uttar Pradesh,Urban,Miscellaneous,Transport and Communication,153.9,7.32,F
2012,2022,8,August,Uttar Pradesh,Combined,Miscellaneous,Transport and Communication,156.1,5.62,F
2012,2022,8,August,West Bengal,Rural,Miscellaneous,Transport and Communication,181.1,5.29,F
2012,2022,8,August,West Bengal,Urban,Miscellaneous,Transport and Communication,170.1,3.47,F
2012,2022,8,August,West Bengal,Combined,Miscellaneous,Transport and Communication,174.5,4.24,F
2012,2022,7,July,All India,Rural,Miscellaneous,Transport and Communication,166.3,5.86,F
2012,2022,7,July,All India,Urban,Miscellaneous,Transport and Communication,157.4,5.28,F
2012,2022,7,July,All India,Combined,Miscellaneous,Transport and Communication,161.6,5.55,F
2012,2022,7,July,Andhra Pradesh,Rural,Miscellaneous,Transport and Communication,180.8,12.79,F
2012,2022,7,July,Andhra Pradesh,Urban,Miscellaneous,Transport and Communication,171.8,15.85,F
2012,2022,7,July,Andhra Pradesh,Combined,Miscellaneous,Transport and Communication,177.2,13.95,F
2012,2022,7,July,Assam,Rural,Miscellaneous,Transport and Communication,168.8,5.57,F
2012,2022,7,July,Assam,Urban,Miscellaneous,Transport and Communication,152.6,0.99,F
2012,2022,7,July,Assam,Combined,Miscellaneous,Transport and Communication,164.5,4.38,F
2012,2022,7,July,Bihar,Rural,Miscellaneous,Transport and Communication,166.6,4.39,F
2012,2022,7,July,Bihar,Urban,Miscellaneous,Transport and Communication,157.1,6.87,F
2012,2022,7,July,Bihar,Combined,Miscellaneous,Transport and Communication,164.8,4.83,F
2012,2022,7,July,Chhattisgarh,Rural,Miscellaneous,Transport and Communication,153.4,4.71,F
2012,2022,7,July,Chhattisgarh,Urban,Miscellaneous,Transport and Communication,153.3,2.89,F
2012,2022,7,July,Chhattisgarh,Combined,Miscellaneous,Transport and Communication,153.4,3.86,F
2012,2022,7,July,Delhi,Rural,Miscellaneous,Transport and Communication,140.7,3.61,F
2012,2022,7,July,Delhi,Urban,Miscellaneous,Transport and Communication,157.5,-0.19,F
2012,2022,7,July,Delhi,Combined,Miscellaneous,Transport and Communication,156.1,0.06,F
2012,2022,7,July,Gujarat,Rural,Miscellaneous,Transport and Communication,159.0,4.88,F
2012,2022,7,July,Gujarat,Urban,Miscellaneous,Transport and Communication,152.0,5.56,F
2012,2022,7,July,Gujarat,Combined,Miscellaneous,Transport and Communication,154.7,5.24,F
2012,2022,7,July,Haryana,Rural,Miscellaneous,Transport and Communication,167.7,7.02,F
2012,2022,7,July,Haryana,Urban,Miscellaneous,Transport and Communication,156.1,7.21,F
2012,2022,7,July,Haryana,Combined,Miscellaneous,Transport and Communication,161.6,7.09,F
2012,2022,7,July,Himachal Pradesh,Rural,Miscellaneous,Transport and Communication,157.7,1.02,F
2012,2022,7,July,Himachal Pradesh,Urban,Miscellaneous,Transport and Communication,149.2,-3.18,F
2012,2022,7,July,Himachal Pradesh,Combined,Miscellaneous,Transport and Communication,156.2,0.32,F
2012,2022,7,July,Jammu & Kashmir,Rural,Miscellaneous,Transport and Communication,181.3,2.89,F
2012,2022,7,July,Jammu & Kashmir,Urban,Miscellaneous,Transport and Communication,163.8,1.80,F
2012,2022,7,July,Jammu & Kashmir,Combined,Miscellaneous,Transport and Communication,174.3,2.47,F
2012,2022,7,July,Jharkhand,Rural,Miscellaneous,Transport and Communication,167.0,3.41,F
2012,2022,7,July,Jharkhand,Urban,Miscellaneous,Transport and Communication,157.6,8.24,F
2012,2022,7,July,Jharkhand,Combined,Miscellaneous,Transport and Communication,162.7,5.44,F
2012,2022,7,July,Karnataka,Rural,Miscellaneous,Transport and Communication,160.9,1.58,F
2012,2022,7,July,Karnataka,Urban,Miscellaneous,Transport and Communication,153.5,2.47,F
2012,2022,7,July,Karnataka,Combined,Miscellaneous,Transport and Communication,156.6,2.09,F
2012,2022,7,July,Kerala,Rural,Miscellaneous,Transport and Communication,173.1,10.54,F
2012,2022,7,July,Kerala,Urban,Miscellaneous,Transport and Communication,162.3,8.49,F
2012,2022,7,July,Kerala,Combined,Miscellaneous,Transport and Communication,168.8,9.75,F
2012,2022,7,July,Madhya Pradesh,Rural,Miscellaneous,Transport and Communication,167.7,6.41,F
2012,2022,7,July,Madhya Pradesh,Urban,Miscellaneous,Transport and Communication,156.3,7.94,F
2012,2022,7,July,Madhya Pradesh,Combined,Miscellaneous,Transport and Communication,162.0,7.14,F
2012,2022,7,July,Maharashtra,Rural,Miscellaneous,Transport and Communication,166.0,7.79,F
2012,2022,7,July,Maharashtra,Urban,Miscellaneous,Transport and Communication,158.8,7.08,F
2012,2022,7,July,Maharashtra,Combined,Miscellaneous,Transport and Communication,161.0,7.33,F
2012,2022,7,July,Odisha,Rural,Miscellaneous,Transport and Communication,172.3,9.12,F
2012,2022,7,July,Odisha,Urban,Miscellaneous,Transport and Communication,152.8,3.80,F
2012,2022,7,July,Odisha,Combined,Miscellaneous,Transport and Communication,164.6,7.09,F
2012,2022,7,July,Punjab,Rural,Miscellaneous,Transport and Communication,160.5,1.78,F
2012,2022,7,July,Punjab,Urban,Miscellaneous,Transport and Communication,149.1,-1.32,F
2012,2022,7,July,Punjab,Combined,Miscellaneous,Transport and Communication,155.7,0.52,F
2012,2022,7,July,Rajasthan,Rural,Miscellaneous,Transport and Communication,163.7,4.80,F
2012,2022,7,July,Rajasthan,Urban,Miscellaneous,Transport and Communication,156.2,6.55,F
2012,2022,7,July,Rajasthan,Combined,Miscellaneous,Transport and Communication,160.6,5.45,F
2012,2022,7,July,Tamil Nadu,Rural,Miscellaneous,Transport and Communication,164.1,1.23,F
2012,2022,7,July,Tamil Nadu,Urban,Miscellaneous,Transport and Communication,156.2,1.17,F
2012,2022,7,July,Tamil Nadu,Combined,Miscellaneous,Transport and Communication,159.4,1.21,F
2012,2022,7,July,Telangana,Rural,Miscellaneous,Transport and Communication,176.4,14.62,F
2012,2022,7,July,Telangana,Urban,Miscellaneous,Transport and Communication,161.3,7.46,F
2012,2022,7,July,Telangana,Combined,Miscellaneous,Transport and Communication,167.5,10.42,F
2012,2022,7,July,Uttarakhand,Rural,Miscellaneous,Transport and Communication,170.4,5.12,F
2012,2022,7,July,Uttarakhand,Urban,Miscellaneous,Transport and Communication,140.6,1.96,F
2012,2022,7,July,Uttarakhand,Combined,Miscellaneous,Transport and Communication,159.8,4.10,F
2012,2022,7,July,Uttar Pradesh,Rural,Miscellaneous,Transport and Communication,157.4,4.38,F
2012,2022,7,July,Uttar Pradesh,Urban,Miscellaneous,Transport and Communication,153.5,7.79,F
2012,2022,7,July,Uttar Pradesh,Combined,Miscellaneous,Transport and Communication,155.7,5.77,F
2012,2022,7,July,West Bengal,Rural,Miscellaneous,Transport and Communication,181.0,5.66,F
2012,2022,7,July,West Bengal,Urban,Miscellaneous,Transport and Communication,169.8,4.24,F
2012,2022,7,July,West Bengal,Combined,Miscellaneous,Transport and Communication,174.3,4.81,F
2012,2022,6,June,All India,Rural,Miscellaneous,Transport and Communication,165.5,7.33,F
2012,2022,6,June,All India,Urban,Miscellaneous,Transport and Communication,157.2,6.58,F
2012,2022,6,June,All India,Combined,Miscellaneous,Transport and Communication,161.1,6.90,F
2012,2022,6,June,Andhra Pradesh,Rural,Miscellaneous,Transport and Communication,175.3,9.84,F
2012,2022,6,June,Andhra Pradesh,Urban,Miscellaneous,Transport and Communication,170.8,17.47,F
2012,2022,6,June,Andhra Pradesh,Combined,Miscellaneous,Transport and Communication,173.5,12.74,F
2012,2022,6,June,Assam,Rural,Miscellaneous,Transport and Communication,166.7,5.57,F
2012,2022,6,June,Assam,Urban,Miscellaneous,Transport and Communication,151.8,2.64,F
2012,2022,6,June,Assam,Combined,Miscellaneous,Transport and Communication,162.7,4.83,F
2012,2022,6,June,Bihar,Rural,Miscellaneous,Transport and Communication,166.7,4.71,F
2012,2022,6,June,Bihar,Urban,Miscellaneous,Transport and Communication,157.0,9.10,F
2012,2022,6,June,Bihar,Combined,Miscellaneous,Transport and Communication,164.9,5.50,F
2012,2022,6,June,Chhattisgarh,Rural,Miscellaneous,Transport and Communication,153.3,5.65,F
2012,2022,6,June,Chhattisgarh,Urban,Miscellaneous,Transport and Communication,152.1,3.96,F
2012,2022,6,June,Chhattisgarh,Combined,Miscellaneous,Transport and Communication,152.7,4.80,F
2012,2022,6,June,Delhi,Rural,Miscellaneous,Transport and Communication,140.3,5.09,F
2012,2022,6,June,Delhi,Urban,Miscellaneous,Transport and Communication,157.5,1.42,F
2012,2022,6,June,Delhi,Combined,Miscellaneous,Transport and Communication,156.1,1.69,F
2012,2022,6,June,Gujarat,Rural,Miscellaneous,Transport and Communication,158.5,5.95,F
2012,2022,6,June,Gujarat,Urban,Miscellaneous,Transport and Communication,151.4,7.30,F
2012,2022,6,June,Gujarat,Combined,Miscellaneous,Transport and Communication,154.2,6.79,F
2012,2022,6,June,Haryana,Rural,Miscellaneous,Transport and Communication,167.4,9.91,F
2012,2022,6,June,Haryana,Urban,Miscellaneous,Transport and Communication,155.6,7.83,F
2012,2022,6,June,Haryana,Combined,Miscellaneous,Transport and Communication,161.2,8.85,F
2012,2022,6,June,Himachal Pradesh,Rural,Miscellaneous,Transport and Communication,157.6,3.28,F
2012,2022,6,June,Himachal Pradesh,Urban,Miscellaneous,Transport and Communication,149.1,-0.13,F
2012,2022,6,June,Himachal Pradesh,Combined,Miscellaneous,Transport and Communication,156.1,2.70,F
2012,2022,6,June,Jammu & Kashmir,Rural,Miscellaneous,Transport and Communication,181.2,4.32,F
2012,2022,6,June,Jammu & Kashmir,Urban,Miscellaneous,Transport and Communication,163.0,2.45,F
2012,2022,6,June,Jammu & Kashmir,Combined,Miscellaneous,Transport and Communication,173.9,3.57,F
2012,2022,6,June,Jharkhand,Rural,Miscellaneous,Transport and Communication,166.5,5.25,F
2012,2022,6,June,Jharkhand,Urban,Miscellaneous,Transport and Communication,156.5,8.38,F
2012,2022,6,June,Jharkhand,Combined,Miscellaneous,Transport and Communication,161.9,6.58,F
2012,2022,6,June,Karnataka,Rural,Miscellaneous,Transport and Communication,160.6,3.68,F
2012,2022,6,June,Karnataka,Urban,Miscellaneous,Transport and Communication,153.6,4.77,F
2012,2022,6,June,Karnataka,Combined,Miscellaneous,Transport and Communication,156.5,4.33,F
2012,2022,6,June,Kerala,Rural,Miscellaneous,Transport and Communication,172.3,12.47,F
2012,2022,6,June,Kerala,Urban,Miscellaneous,Transport and Communication,161.8,9.18,F
2012,2022,6,June,Kerala,Combined,Miscellaneous,Transport and Communication,168.2,11.24,F
2012,2022,6,June,Madhya Pradesh,Rural,Miscellaneous,Transport and Communication,166.8,8.88,F
2012,2022,6,June,Madhya Pradesh,Urban,Miscellaneous,Transport and Communication,155.8,9.56,F
2012,2022,6,June,Madhya Pradesh,Combined,Miscellaneous,Transport and Communication,161.3,9.21,F
2012,2022,6,June,Maharashtra,Rural,Miscellaneous,Transport and Communication,165.7,8.37,F
2012,2022,6,June,Maharashtra,Urban,Miscellaneous,Transport and Communication,159.8,9.08,F
2012,2022,6,June,Maharashtra,Combined,Miscellaneous,Transport and Communication,161.6,8.89,F
2012,2022,6,June,Odisha,Rural,Miscellaneous,Transport and Communication,171.3,13.14,F
2012,2022,6,June,Odisha,Urban,Miscellaneous,Transport and Communication,152.7,10.33,F
2012,2022,6,June,Odisha,Combined,Miscellaneous,Transport and Communication,164.0,12.10,F
2012,2022,6,June,Punjab,Rural,Miscellaneous,Transport and Communication,160.0,3.09,F
2012,2022,6,June,Punjab,Urban,Miscellaneous,Transport and Communication,148.5,-0.13,F
2012,2022,6,June,Punjab,Combined,Miscellaneous,Transport and Communication,155.2,1.77,F
2012,2022,6,June,Rajasthan,Rural,Miscellaneous,Transport and Communication,163.0,7.52,F
2012,2022,6,June,Rajasthan,Urban,Miscellaneous,Transport and Communication,155.6,7.91,F
2012,2022,6,June,Rajasthan,Combined,Miscellaneous,Transport and Communication,160.0,7.67,F
2012,2022,6,June,Tamil Nadu,Rural,Miscellaneous,Transport and Communication,163.6,4.67,F
2012,2022,6,June,Tamil Nadu,Urban,Miscellaneous,Transport and Communication,155.5,1.90,F
2012,2022,6,June,Tamil Nadu,Combined,Miscellaneous,Transport and Communication,158.8,3.05,F
2012,2022,6,June,Telangana,Rural,Miscellaneous,Transport and Communication,172.0,13.91,F
2012,2022,6,June,Telangana,Urban,Miscellaneous,Transport and Communication,158.7,7.59,F
2012,2022,6,June,Telangana,Combined,Miscellaneous,Transport and Communication,164.1,10.21,F
2012,2022,6,June,Uttarakhand,Rural,Miscellaneous,Transport and Communication,169.9,8.15,F
2012,2022,6,June,Uttarakhand,Urban,Miscellaneous,Transport and Communication,140.5,4.46,F
2012,2022,6,June,Uttarakhand,Combined,Miscellaneous,Transport and Communication,159.5,6.98,F
2012,2022,6,June,Uttar Pradesh,Rural,Miscellaneous,Transport and Communication,157.4,5.99,F
2012,2022,6,June,Uttar Pradesh,Urban,Miscellaneous,Transport and Communication,152.8,9.14,F
2012,2022,6,June,Uttar Pradesh,Combined,Miscellaneous,Transport and Communication,155.4,7.32,F
2012,2022,6,June,West Bengal,Rural,Miscellaneous,Transport and Communication,180.7,6.17,F
2012,2022,6,June,West Bengal,Urban,Miscellaneous,Transport and Communication,170.1,2.53,F
2012,2022,6,June,West Bengal,Combined,Miscellaneous,Transport and Communication,174.3,4.00,F
2012,2022,5,May,All India,Rural,Miscellaneous,Transport and Communication,167.1,9.07,F
2012,2022,5,May,All India,Urban,Miscellaneous,Transport and Communication,159.4,9.93,F
2012,2022,5,May,All India,Combined,Miscellaneous,Transport and Communication,163.0,9.47,F
2012,2022,5,May,Andhra Pradesh,Rural,Miscellaneous,Transport and Communication,176.4,11.57,F
2012,2022,5,May,Andhra Pradesh,Urban,Miscellaneous,Transport and Communication,166.1,14.55,F
2012,2022,5,May,Andhra Pradesh,Combined,Miscellaneous,Transport and Communication,172.3,12.76,F
2012,2022,5,May,Assam,Rural,Miscellaneous,Transport and Communication,167.5,8.13,F
2012,2022,5,May,Assam,Urban,Miscellaneous,Transport and Communication,156.1,8.25,F
2012,2022,5,May,Assam,Combined,Miscellaneous,Transport and Communication,164.5,8.15,F
2012,2022,5,May,Bihar,Rural,Miscellaneous,Transport and Communication,167.9,5.66,F
2012,2022,5,May,Bihar,Urban,Miscellaneous,Transport and Communication,158.2,6.96,F
2012,2022,5,May,Bihar,Combined,Miscellaneous,Transport and Communication,166.1,5.93,F
2012,2022,5,May,Chhattisgarh,Rural,Miscellaneous,Transport and Communication,156.0,10.56,F
2012,2022,5,May,Chhattisgarh,Urban,Miscellaneous,Transport and Communication,156.5,6.10,F
2012,2022,5,May,Chhattisgarh,Combined,Miscellaneous,Transport and Communication,156.2,8.40,F
2012,2022,5,May,Delhi,Rural,Miscellaneous,Transport and Communication,143.2,8.90,F
2012,2022,5,May,Delhi,Urban,Miscellaneous,Transport and Communication,160.6,4.29,F
2012,2022,5,May,Delhi,Combined,Miscellaneous,Transport and Communication,159.2,4.60,F
2012,2022,5,May,Gujarat,Rural,Miscellaneous,Transport and Communication,161.3,9.21,F
2012,2022,5,May,Gujarat,Urban,Miscellaneous,Transport and Communication,153.6,9.48,F
2012,2022,5,May,Gujarat,Combined,Miscellaneous,Transport and Communication,156.6,9.36,F
2012,2022,5,May,Haryana,Rural,Miscellaneous,Transport and Communication,170.4,12.11,F
2012,2022,5,May,Haryana,Urban,Miscellaneous,Transport and Communication,158.3,12.91,F
2012,2022,5,May,Haryana,Combined,Miscellaneous,Transport and Communication,164.1,12.55,F
2012,2022,5,May,Himachal Pradesh,Rural,Miscellaneous,Transport and Communication,159.3,4.66,F
2012,2022,5,May,Himachal Pradesh,Urban,Miscellaneous,Transport and Communication,150.6,0.40,F
2012,2022,5,May,Himachal Pradesh,Combined,Miscellaneous,Transport and Communication,157.7,3.89,F
2012,2022,5,May,Jammu & Kashmir,Rural,Miscellaneous,Transport and Communication,181.2,2.84,F
2012,2022,5,May,Jammu & Kashmir,Urban,Miscellaneous,Transport and Communication,165.6,6.50,F
2012,2022,5,May,Jammu & Kashmir,Combined,Miscellaneous,Transport and Communication,175.0,4.23,F
2012,2022,5,May,Jharkhand,Rural,Miscellaneous,Transport and Communication,168.5,7.46,F
2012,2022,5,May,Jharkhand,Urban,Miscellaneous,Transport and Communication,160.4,15.06,F
2012,2022,5,May,Jharkhand,Combined,Miscellaneous,Transport and Communication,164.8,10.68,F
2012,2022,5,May,Karnataka,Rural,Miscellaneous,Transport and Communication,162.2,3.84,F
2012,2022,5,May,Karnataka,Urban,Miscellaneous,Transport and Communication,156.1,5.26,F
2012,2022,5,May,Karnataka,Combined,Miscellaneous,Transport and Communication,158.6,4.62,F
2012,2022,5,May,Kerala,Rural,Miscellaneous,Transport and Communication,173.1,12.26,F
2012,2022,5,May,Kerala,Urban,Miscellaneous,Transport and Communication,165.4,12.59,F
2012,2022,5,May,Kerala,Combined,Miscellaneous,Transport and Communication,170.1,12.43,F
2012,2022,5,May,Madhya Pradesh,Rural,Miscellaneous,Transport and Communication,169.5,11.15,F
2012,2022,5,May,Madhya Pradesh,Urban,Miscellaneous,Transport and Communication,158.1,11.18,F
2012,2022,5,May,Madhya Pradesh,Combined,Miscellaneous,Transport and Communication,163.8,11.13,F
2012,2022,5,May,Maharashtra,Rural,Miscellaneous,Transport and Communication,167.1,10.96,F
2012,2022,5,May,Maharashtra,Urban,Miscellaneous,Transport and Communication,161.6,14.85,F
2012,2022,5,May,Maharashtra,Combined,Miscellaneous,Transport and Communication,163.2,13.57,F
2012,2022,5,May,Odisha,Rural,Miscellaneous,Transport and Communication,173.7,13.23,F
2012,2022,5,May,Odisha,Urban,Miscellaneous,Transport and Communication,156.4,12.03,F
2012,2022,5,May,Odisha,Combined,Miscellaneous,Transport and Communication,166.9,12.85,F
2012,2022,5,May,Punjab,Rural,Miscellaneous,Transport and Communication,162.9,7.03,F
2012,2022,5,May,Punjab,Urban,Miscellaneous,Transport and Communication,151.4,3.20,F
2012,2022,5,May,Punjab,Combined,Miscellaneous,Transport and Communication,158.1,5.47,F
2012,2022,5,May,Rajasthan,Rural,Miscellaneous,Transport and Communication,165.7,8.87,F
2012,2022,5,May,Rajasthan,Urban,Miscellaneous,Transport and Communication,158.8,11.91,F
2012,2022,5,May,Rajasthan,Combined,Miscellaneous,Transport and Communication,162.9,10.07,F
2012,2022,5,May,Tamil Nadu,Rural,Miscellaneous,Transport and Communication,165.5,4.48,F
2012,2022,5,May,Tamil Nadu,Urban,Miscellaneous,Transport and Communication,157.7,4.78,F
2012,2022,5,May,Tamil Nadu,Combined,Miscellaneous,Transport and Communication,160.8,4.62,F
2012,2022,5,May,Telangana,Rural,Miscellaneous,Transport and Communication,168.7,17.89,F
2012,2022,5,May,Telangana,Urban,Miscellaneous,Transport and Communication,160.9,10.97,F
2012,2022,5,May,Telangana,Combined,Miscellaneous,Transport and Communication,164.1,13.80,F
2012,2022,5,May,Uttarakhand,Rural,Miscellaneous,Transport and Communication,171.3,8.08,F
2012,2022,5,May,Uttarakhand,Urban,Miscellaneous,Transport and Communication,143.2,8.57,F
2012,2022,5,May,Uttarakhand,Combined,Miscellaneous,Transport and Communication,161.3,8.18,F
2012,2022,5,May,Uttar Pradesh,Rural,Miscellaneous,Transport and Communication,159.1,8.60,F
2012,2022,5,May,Uttar Pradesh,Urban,Miscellaneous,Transport and Communication,155.3,12.13,F
2012,2022,5,May,Uttar Pradesh,Combined,Miscellaneous,Transport and Communication,157.5,10.06,F
2012,2022,5,May,West Bengal,Rural,Miscellaneous,Transport and Communication,181.7,9.79,F
2012,2022,5,May,West Bengal,Urban,Miscellaneous,Transport and Communication,172.1,8.86,F
2012,2022,5,May,West Bengal,Combined,Miscellaneous,Transport and Communication,175.9,9.19,F
2012,2022,4,April,All India,Rural,Miscellaneous,Transport and Communication,166.2,9.56,F
2012,2022,4,April,All India,Urban,Miscellaneous,Transport and Communication,159.3,12.10,F
2012,2022,4,April,All India,Combined,Miscellaneous,Transport and Communication,162.6,10.91,F
2012,2022,4,April,Andhra Pradesh,Rural,Miscellaneous,Transport and Communication,172.9,9.92,F
2012,2022,4,April,Andhra Pradesh,Urban,Miscellaneous,Transport and Communication,163.5,16.87,F
2012,2022,4,April,Andhra Pradesh,Combined,Miscellaneous,Transport and Communication,169.1,12.51,F
2012,2022,4,April,Assam,Rural,Miscellaneous,Transport and Communication,167.3,9.42,F
2012,2022,4,April,Assam,Urban,Miscellaneous,Transport and Communication,156.1,12.63,F
2012,2022,4,April,Assam,Combined,Miscellaneous,Transport and Communication,164.3,10.19,F
2012,2022,4,April,Bihar,Rural,Miscellaneous,Transport and Communication,167.9,8.18,F
2012,2022,4,April,Bihar,Urban,Miscellaneous,Transport and Communication,158.7,13.11,F
2012,2022,4,April,Bihar,Combined,Miscellaneous,Transport and Communication,166.2,9.06,F
2012,2022,4,April,Chhattisgarh,Rural,Miscellaneous,Transport and Communication,156.2,9.31,F
2012,2022,4,April,Chhattisgarh,Urban,Miscellaneous,Transport and Communication,157.6,13.46,F
2012,2022,4,April,Chhattisgarh,Combined,Miscellaneous,Transport and Communication,156.9,11.28,F
2012,2022,4,April,Delhi,Rural,Miscellaneous,Transport and Communication,144.2,6.89,F
2012,2022,4,April,Delhi,Urban,Miscellaneous,Transport and Communication,161.4,14.63,F
2012,2022,4,April,Delhi,Combined,Miscellaneous,Transport and Communication,160.0,14.04,F
2012,2022,4,April,Gujarat,Rural,Miscellaneous,Transport and Communication,161.4,11.54,F
2012,2022,4,April,Gujarat,Urban,Miscellaneous,Transport and Communication,153.9,11.36,F
2012,2022,4,April,Gujarat,Combined,Miscellaneous,Transport and Communication,156.8,11.36,F
2012,2022,4,April,Haryana,Rural,Miscellaneous,Transport and Communication,171.0,12.13,F
2012,2022,4,April,Haryana,Urban,Miscellaneous,Transport and Communication,158.7,13.68,F
2012,2022,4,April,Haryana,Combined,Miscellaneous,Transport and Communication,164.6,12.89,F
2012,2022,4,April,Himachal Pradesh,Rural,Miscellaneous,Transport and Communication,159.4,2.97,F
2012,2022,4,April,Himachal Pradesh,Urban,Miscellaneous,Transport and Communication,150.0,4.68,F
2012,2022,4,April,Himachal Pradesh,Combined,Miscellaneous,Transport and Communication,157.7,3.27,F
2012,2022,4,April,Jammu & Kashmir,Rural,Miscellaneous,Transport and Communication,181.1,1.23,F
2012,2022,4,April,Jammu & Kashmir,Urban,Miscellaneous,Transport and Communication,166.0,6.41,F
2012,2022,4,April,Jammu & Kashmir,Combined,Miscellaneous,Transport and Communication,175.1,3.18,F
2012,2022,4,April,Jharkhand,Rural,Miscellaneous,Transport and Communication,169.3,9.79,F
2012,2022,4,April,Jharkhand,Urban,Miscellaneous,Transport and Communication,160.0,14.86,F
2012,2022,4,April,Jharkhand,Combined,Miscellaneous,Transport and Communication,165.1,12.01,F
2012,2022,4,April,Karnataka,Rural,Miscellaneous,Transport and Communication,161.8,5.75,F
2012,2022,4,April,Karnataka,Urban,Miscellaneous,Transport and Communication,157.1,12.05,F
2012,2022,4,April,Karnataka,Combined,Miscellaneous,Transport and Communication,159.0,9.28,F
2012,2022,4,April,Kerala,Rural,Miscellaneous,Transport and Communication,163.2,8.08,F
2012,2022,4,April,Kerala,Urban,Miscellaneous,Transport and Communication,158.9,10.42,F
2012,2022,4,April,Kerala,Combined,Miscellaneous,Transport and Communication,161.5,8.97,F
2012,2022,4,April,Madhya Pradesh,Rural,Miscellaneous,Transport and Communication,169.8,13.43,F
2012,2022,4,April,Madhya Pradesh,Urban,Miscellaneous,Transport and Communication,158.5,14.94,F
2012,2022,4,April,Madhya Pradesh,Combined,Miscellaneous,Transport and Communication,164.2,14.19,F
2012,2022,4,April,Maharashtra,Rural,Miscellaneous,Transport and Communication,168.0,11.70,F
2012,2022,4,April,Maharashtra,Urban,Miscellaneous,Transport and Communication,161.3,13.59,F
2012,2022,4,April,Maharashtra,Combined,Miscellaneous,Transport and Communication,163.3,13.01,F
2012,2022,4,April,Odisha,Rural,Miscellaneous,Transport and Communication,174.0,14.17,F
2012,2022,4,April,Odisha,Urban,Miscellaneous,Transport and Communication,158.4,14.62,F
2012,2022,4,April,Odisha,Combined,Miscellaneous,Transport and Communication,167.8,14.31,F
2012,2022,4,April,Punjab,Rural,Miscellaneous,Transport and Communication,162.9,9.40,F
2012,2022,4,April,Punjab,Urban,Miscellaneous,Transport and Communication,152.2,7.79,F
2012,2022,4,April,Punjab,Combined,Miscellaneous,Transport and Communication,158.4,8.72,F
2012,2022,4,April,Rajasthan,Rural,Miscellaneous,Transport and Communication,166.5,10.12,F
2012,2022,4,April,Rajasthan,Urban,Miscellaneous,Transport and Communication,158.6,14.35,F
2012,2022,4,April,Rajasthan,Combined,Miscellaneous,Transport and Communication,163.3,11.77,F
2012,2022,4,April,Tamil Nadu,Rural,Miscellaneous,Transport and Communication,165.8,5.27,F
2012,2022,4,April,Tamil Nadu,Urban,Miscellaneous,Transport and Communication,158.4,7.03,F
2012,2022,4,April,Tamil Nadu,Combined,Miscellaneous,Transport and Communication,161.4,6.32,F
2012,2022,4,April,Telangana,Rural,Miscellaneous,Transport and Communication,165.9,12.63,F
2012,2022,4,April,Telangana,Urban,Miscellaneous,Transport and Communication,160.0,12.28,F
2012,2022,4,April,Telangana,Combined,Miscellaneous,Transport and Communication,162.4,12.39,F
2012,2022,4,April,Uttarakhand,Rural,Miscellaneous,Transport and Communication,170.2,11.97,F
2012,2022,4,April,Uttarakhand,Urban,Miscellaneous,Transport and Communication,143.9,9.02,F
2012,2022,4,April,Uttarakhand,Combined,Miscellaneous,Transport and Communication,160.9,11.04,F
2012,2022,4,April,Uttar Pradesh,Rural,Miscellaneous,Transport and Communication,159.4,9.63,F
2012,2022,4,April,Uttar Pradesh,Urban,Miscellaneous,Transport and Communication,155.3,13.61,F
2012,2022,4,April,Uttar Pradesh,Combined,Miscellaneous,Transport and Communication,157.6,11.30,F
2012,2022,4,April,West Bengal,Rural,Miscellaneous,Transport and Communication,181.5,11.28,F
2012,2022,4,April,West Bengal,Urban,Miscellaneous,Transport and Communication,172.6,9.73,F
2012,2022,4,April,West Bengal,Combined,Miscellaneous,Transport and Communication,176.2,10.40,F
2012,2022,3,March,All India,Rural,Miscellaneous,Transport and Communication,162.0,7.07,F
2012,2022,3,March,All India,Urban,Miscellaneous,Transport and Communication,154.2,8.82,F
2012,2022,3,March,All India,Combined,Miscellaneous,Transport and Communication,157.9,8.00,F
2012,2022,3,March,Andhra Pradesh,Rural,Miscellaneous,Transport and Communication,164.6,5.18,F
2012,2022,3,March,Andhra Pradesh,Urban,Miscellaneous,Transport and Communication,156.5,12.03,F
2012,2022,3,March,Andhra Pradesh,Combined,Miscellaneous,Transport and Communication,161.4,7.74,F
2012,2022,3,March,Assam,Rural,Miscellaneous,Transport and Communication,165.4,8.67,F
2012,2022,3,March,Assam,Urban,Miscellaneous,Transport and Communication,152.0,9.35,F
2012,2022,3,March,Assam,Combined,Miscellaneous,Transport and Communication,161.8,8.81,F
2012,2022,3,March,Bihar,Rural,Miscellaneous,Transport and Communication,164.8,7.57,F
2012,2022,3,March,Bihar,Urban,Miscellaneous,Transport and Communication,154.3,10.37,F
2012,2022,3,March,Bihar,Combined,Miscellaneous,Transport and Communication,162.8,8.03,F
2012,2022,3,March,Chhattisgarh,Rural,Miscellaneous,Transport and Communication,152.3,6.43,F
2012,2022,3,March,Chhattisgarh,Urban,Miscellaneous,Transport and Communication,151.3,8.46,F
2012,2022,3,March,Chhattisgarh,Combined,Miscellaneous,Transport and Communication,151.8,7.36,F
2012,2022,3,March,Delhi,Rural,Miscellaneous,Transport and Communication,139.9,3.63,F
2012,2022,3,March,Delhi,Urban,Miscellaneous,Transport and Communication,154.7,9.64,F
2012,2022,3,March,Delhi,Combined,Miscellaneous,Transport and Communication,153.5,9.17,F
2012,2022,3,March,Gujarat,Rural,Miscellaneous,Transport and Communication,156.5,8.38,F
2012,2022,3,March,Gujarat,Urban,Miscellaneous,Transport and Communication,148.7,6.98,F
2012,2022,3,March,Gujarat,Combined,Miscellaneous,Transport and Communication,151.8,7.58,F
2012,2022,3,March,Haryana,Rural,Miscellaneous,Transport and Communication,164.9,7.99,F
2012,2022,3,March,Haryana,Urban,Miscellaneous,Transport and Communication,152.3,9.49,F
2012,2022,3,March,Haryana,Combined,Miscellaneous,Transport and Communication,158.3,8.72,F
2012,2022,3,March,Himachal Pradesh,Rural,Miscellaneous,Transport and Communication,156.3,1.43,F
2012,2022,3,March,Himachal Pradesh,Urban,Miscellaneous,Transport and Communication,149.2,4.19,F
2012,2022,3,March,Himachal Pradesh,Combined,Miscellaneous,Transport and Communication,155.0,1.91,F
2012,2022,3,March,Jammu & Kashmir,Rural,Miscellaneous,Transport and Communication,179.3,0.67,F
2012,2022,3,March,Jammu & Kashmir,Urban,Miscellaneous,Transport and Communication,162.1,6.36,F
2012,2022,3,March,Jammu & Kashmir,Combined,Miscellaneous,Transport and Communication,172.4,2.74,F
2012,2022,3,March,Jharkhand,Rural,Miscellaneous,Transport and Communication,165.2,6.51,F
2012,2022,3,March,Jharkhand,Urban,Miscellaneous,Transport and Communication,152.5,8.85,F
2012,2022,3,March,Jharkhand,Combined,Miscellaneous,Transport and Communication,159.4,7.48,F
2012,2022,3,March,Karnataka,Rural,Miscellaneous,Transport and Communication,158.9,4.40,F
2012,2022,3,March,Karnataka,Urban,Miscellaneous,Transport and Communication,151.8,9.13,F
2012,2022,3,March,Karnataka,Combined,Miscellaneous,Transport and Communication,154.7,7.06,F
2012,2022,3,March,Kerala,Rural,Miscellaneous,Transport and Communication,160.4,6.65,F
2012,2022,3,March,Kerala,Urban,Miscellaneous,Transport and Communication,154.9,7.94,F
2012,2022,3,March,Kerala,Combined,Miscellaneous,Transport and Communication,158.2,7.11,F
2012,2022,3,March,Madhya Pradesh,Rural,Miscellaneous,Transport and Communication,166.2,10.80,F
2012,2022,3,March,Madhya Pradesh,Urban,Miscellaneous,Transport and Communication,152.9,11.04,F
2012,2022,3,March,Madhya Pradesh,Combined,Miscellaneous,Transport and Communication,159.6,10.91,F
2012,2022,3,March,Maharashtra,Rural,Miscellaneous,Transport and Communication,164.0,9.19,F
2012,2022,3,March,Maharashtra,Urban,Miscellaneous,Transport and Communication,156.8,11.76,F
2012,2022,3,March,Maharashtra,Combined,Miscellaneous,Transport and Communication,159.0,10.96,F
2012,2022,3,March,Odisha,Rural,Miscellaneous,Transport and Communication,168.3,9.78,F
2012,2022,3,March,Odisha,Urban,Miscellaneous,Transport and Communication,151.9,10.23,F
2012,2022,3,March,Odisha,Combined,Miscellaneous,Transport and Communication,161.8,9.92,F
2012,2022,3,March,Punjab,Rural,Miscellaneous,Transport and Communication,157.5,5.92,F
2012,2022,3,March,Punjab,Urban,Miscellaneous,Transport and Communication,147.9,5.42,F
2012,2022,3,March,Punjab,Combined,Miscellaneous,Transport and Communication,153.5,5.72,F
2012,2022,3,March,Rajasthan,Rural,Miscellaneous,Transport and Communication,161.8,7.08,F
2012,2022,3,March,Rajasthan,Urban,Miscellaneous,Transport and Communication,153.2,8.88,F
2012,2022,3,March,Rajasthan,Combined,Miscellaneous,Transport and Communication,158.3,7.83,F
2012,2022,3,March,Tamil Nadu,Rural,Miscellaneous,Transport and Communication,162.6,3.30,F
2012,2022,3,March,Tamil Nadu,Urban,Miscellaneous,Transport and Communication,153.8,4.55,F
2012,2022,3,March,Tamil Nadu,Combined,Miscellaneous,Transport and Communication,157.3,4.03,F
2012,2022,3,March,Telangana,Rural,Miscellaneous,Transport and Communication,157.5,7.07,F
2012,2022,3,March,Telangana,Urban,Miscellaneous,Transport and Communication,152.7,7.69,F
2012,2022,3,March,Telangana,Combined,Miscellaneous,Transport and Communication,154.7,7.43,F
2012,2022,3,March,Uttarakhand,Rural,Miscellaneous,Transport and Communication,165.7,8.73,F
2012,2022,3,March,Uttarakhand,Urban,Miscellaneous,Transport and Communication,139.8,6.64,F
2012,2022,3,March,Uttarakhand,Combined,Miscellaneous,Transport and Communication,156.5,8.01,F
2012,2022,3,March,Uttar Pradesh,Rural,Miscellaneous,Transport and Communication,155.7,7.83,F
2012,2022,3,March,Uttar Pradesh,Urban,Miscellaneous,Transport and Communication,150.4,9.78,F
2012,2022,3,March,Uttar Pradesh,Combined,Miscellaneous,Transport and Communication,153.4,8.64,F
2012,2022,3,March,West Bengal,Rural,Miscellaneous,Transport and Communication,178.9,9.42,F
2012,2022,3,March,West Bengal,Urban,Miscellaneous,Transport and Communication,169.5,7.41,F
2012,2022,3,March,West Bengal,Combined,Miscellaneous,Transport and Communication,173.3,8.24,F
2012,2022,2,February,All India,Rural,Miscellaneous,Transport and Communication,161.2,7.32,F
2012,2022,2,February,All India,Urban,Miscellaneous,Transport and Communication,153.1,8.97,F
2012,2022,2,February,All India,Combined,Miscellaneous,Transport and Communication,156.9,8.13,F
2012,2022,2,February,Andhra Pradesh,Rural,Miscellaneous,Transport and Communication,164.3,4.85,F
2012,2022,2,February,Andhra Pradesh,Urban,Miscellaneous,Transport and Communication,155.3,13.03,F
2012,2022,2,February,Andhra Pradesh,Combined,Miscellaneous,Transport and Communication,160.7,7.85,F
2012,2022,2,February,Assam,Rural,Miscellaneous,Transport and Communication,164.0,6.56,F
2012,2022,2,February,Assam,Urban,Miscellaneous,Transport and Communication,150.6,7.19,F
2012,2022,2,February,Assam,Combined,Miscellaneous,Transport and Communication,160.4,6.72,F
2012,2022,2,February,Bihar,Rural,Miscellaneous,Transport and Communication,163.3,6.80,F
2012,2022,2,February,Bihar,Urban,Miscellaneous,Transport and Communication,152.4,11.08,F
2012,2022,2,February,Bihar,Combined,Miscellaneous,Transport and Communication,161.3,7.53,F
2012,2022,2,February,Chhattisgarh,Rural,Miscellaneous,Transport and Communication,151.1,6.86,F
2012,2022,2,February,Chhattisgarh,Urban,Miscellaneous,Transport and Communication,150.9,10.07,F
2012,2022,2,February,Chhattisgarh,Combined,Miscellaneous,Transport and Communication,151.0,8.32,F
2012,2022,2,February,Delhi,Rural,Miscellaneous,Transport and Communication,139.4,5.45,F
2012,2022,2,February,Delhi,Urban,Miscellaneous,Transport and Communication,153.9,9.85,F
2012,2022,2,February,Delhi,Combined,Miscellaneous,Transport and Communication,152.7,9.46,F
2012,2022,2,February,Gujarat,Rural,Miscellaneous,Transport and Communication,156.2,10.47,F
2012,2022,2,February,Gujarat,Urban,Miscellaneous,Transport and Communication,148.1,7.47,F
2012,2022,2,February,Gujarat,Combined,Miscellaneous,Transport and Communication,151.3,8.69,F
2012,2022,2,February,Haryana,Rural,Miscellaneous,Transport and Communication,163.3,8.29,F
2012,2022,2,February,Haryana,Urban,Miscellaneous,Transport and Communication,151.3,10.52,F
2012,2022,2,February,Haryana,Combined,Miscellaneous,Transport and Communication,157.0,9.41,F
2012,2022,2,February,Himachal Pradesh,Rural,Miscellaneous,Transport and Communication,157.4,3.83,F
2012,2022,2,February,Himachal Pradesh,Urban,Miscellaneous,Transport and Communication,148.0,4.74,F
2012,2022,2,February,Himachal Pradesh,Combined,Miscellaneous,Transport and Communication,155.7,3.94,F
2012,2022,2,February,Jammu & Kashmir,Rural,Miscellaneous,Transport and Communication,182.4,4.47,F
2012,2022,2,February,Jammu & Kashmir,Urban,Miscellaneous,Transport and Communication,161.3,7.32,F
2012,2022,2,February,Jammu & Kashmir,Combined,Miscellaneous,Transport and Communication,174.0,5.52,F
2012,2022,2,February,Jharkhand,Rural,Miscellaneous,Transport and Communication,164.8,6.80,F
2012,2022,2,February,Jharkhand,Urban,Miscellaneous,Transport and Communication,150.1,7.44,F
2012,2022,2,February,Jharkhand,Combined,Miscellaneous,Transport and Communication,158.1,7.04,F
2012,2022,2,February,Karnataka,Rural,Miscellaneous,Transport and Communication,157.5,4.65,F
2012,2022,2,February,Karnataka,Urban,Miscellaneous,Transport and Communication,150.8,10.48,F
2012,2022,2,February,Karnataka,Combined,Miscellaneous,Transport and Communication,153.6,7.94,F
2012,2022,2,February,Kerala,Rural,Miscellaneous,Transport and Communication,160.0,6.88,F
2012,2022,2,February,Kerala,Urban,Miscellaneous,Transport and Communication,154.2,7.76,F
2012,2022,2,February,Kerala,Combined,Miscellaneous,Transport and Communication,157.7,7.21,F
2012,2022,2,February,Madhya Pradesh,Rural,Miscellaneous,Transport and Communication,164.9,10.97,F
2012,2022,2,February,Madhya Pradesh,Urban,Miscellaneous,Transport and Communication,149.8,9.10,F
2012,2022,2,February,Madhya Pradesh,Combined,Miscellaneous,Transport and Communication,157.4,10.07,F
2012,2022,2,February,Maharashtra,Rural,Miscellaneous,Transport and Communication,162.2,8.79,F
2012,2022,2,February,Maharashtra,Urban,Miscellaneous,Transport and Communication,156.1,11.34,F
2012,2022,2,February,Maharashtra,Combined,Miscellaneous,Transport and Communication,157.9,10.50,F
2012,2022,2,February,Odisha,Rural,Miscellaneous,Transport and Communication,165.7,8.94,F
2012,2022,2,February,Odisha,Urban,Miscellaneous,Transport and Communication,150.0,9.89,F
2012,2022,2,February,Odisha,Combined,Miscellaneous,Transport and Communication,159.5,9.32,F
2012,2022,2,February,Punjab,Rural,Miscellaneous,Transport and Communication,157.4,7.00,F
2012,2022,2,February,Punjab,Urban,Miscellaneous,Transport and Communication,147.3,6.35,F
2012,2022,2,February,Punjab,Combined,Miscellaneous,Transport and Communication,153.1,6.69,F
2012,2022,2,February,Rajasthan,Rural,Miscellaneous,Transport and Communication,161.7,7.16,F
2012,2022,2,February,Rajasthan,Urban,Miscellaneous,Transport and Communication,152.2,9.65,F
2012,2022,2,February,Rajasthan,Combined,Miscellaneous,Transport and Communication,157.8,8.16,F
2012,2022,2,February,Tamil Nadu,Rural,Miscellaneous,Transport and Communication,162.4,3.70,F
2012,2022,2,February,Tamil Nadu,Urban,Miscellaneous,Transport and Communication,153.0,5.74,F
2012,2022,2,February,Tamil Nadu,Combined,Miscellaneous,Transport and Communication,156.8,4.88,F
2012,2022,2,February,Telangana,Rural,Miscellaneous,Transport and Communication,156.5,7.71,F
2012,2022,2,February,Telangana,Urban,Miscellaneous,Transport and Communication,151.9,7.50,F
2012,2022,2,February,Telangana,Combined,Miscellaneous,Transport and Communication,153.8,7.63,F
2012,2022,2,February,Uttarakhand,Rural,Miscellaneous,Transport and Communication,165.6,9.74,F
2012,2022,2,February,Uttarakhand,Urban,Miscellaneous,Transport and Communication,137.0,5.47,F
2012,2022,2,February,Uttarakhand,Combined,Miscellaneous,Transport and Communication,155.5,8.36,F
2012,2022,2,February,Uttar Pradesh,Rural,Miscellaneous,Transport and Communication,154.8,7.72,F
2012,2022,2,February,Uttar Pradesh,Urban,Miscellaneous,Transport and Communication,148.9,9.57,F
2012,2022,2,February,Uttar Pradesh,Combined,Miscellaneous,Transport and Communication,152.3,8.55,F
2012,2022,2,February,West Bengal,Rural,Miscellaneous,Transport and Communication,177.9,9.21,F
2012,2022,2,February,West Bengal,Urban,Miscellaneous,Transport and Communication,167.4,6.62,F
2012,2022,2,February,West Bengal,Combined,Miscellaneous,Transport and Communication,171.6,7.65,F
2012,2022,1,January,All India,Rural,Miscellaneous,Transport and Communication,160.8,8.14,F
2012,2022,1,January,All India,Urban,Miscellaneous,Transport and Communication,152.7,10.49,F
2012,2022,1,January,All India,Combined,Miscellaneous,Transport and Communication,156.5,9.29,F
2012,2022,1,January,Andhra Pradesh,Rural,Miscellaneous,Transport and Communication,164.2,5.94,F
2012,2022,1,January,Andhra Pradesh,Urban,Miscellaneous,Transport and Communication,154.0,14.41,F
2012,2022,1,January,Andhra Pradesh,Combined,Miscellaneous,Transport and Communication,160.1,9.06,F
2012,2022,1,January,Assam,Rural,Miscellaneous,Transport and Communication,164.9,5.37,F
2012,2022,1,January,Assam,Urban,Miscellaneous,Transport and Communication,151.0,7.09,F
2012,2022,1,January,Assam,Combined,Miscellaneous,Transport and Communication,161.2,5.77,F
2012,2022,1,January,Bihar,Rural,Miscellaneous,Transport and Communication,161.9,5.06,F
2012,2022,1,January,Bihar,Urban,Miscellaneous,Transport and Communication,152.2,12.82,F
2012,2022,1,January,Bihar,Combined,Miscellaneous,Transport and Communication,160.1,6.38,F
2012,2022,1,January,Chhattisgarh,Rural,Miscellaneous,Transport and Communication,150.7,7.49,F
2012,2022,1,January,Chhattisgarh,Urban,Miscellaneous,Transport and Communication,152.0,13.26,F
2012,2022,1,January,Chhattisgarh,Combined,Miscellaneous,Transport and Communication,151.3,10.12,F
2012,2022,1,January,Delhi,Rural,Miscellaneous,Transport and Communication,139.4,7.48,F
2012,2022,1,January,Delhi,Urban,Miscellaneous,Transport and Communication,155.5,12.36,F
2012,2022,1,January,Delhi,Combined,Miscellaneous,Transport and Communication,154.2,11.98,F
2012,2022,1,January,Gujarat,Rural,Miscellaneous,Transport and Communication,155.5,11.71,F
2012,2022,1,January,Gujarat,Urban,Miscellaneous,Transport and Communication,146.2,8.62,F
2012,2022,1,January,Gujarat,Combined,Miscellaneous,Transport and Communication,149.9,9.90,F
2012,2022,1,January,Haryana,Rural,Miscellaneous,Transport and Communication,163.5,9.73,F
2012,2022,1,January,Haryana,Urban,Miscellaneous,Transport and Communication,150.0,11.36,F
2012,2022,1,January,Haryana,Combined,Miscellaneous,Transport and Communication,156.5,10.60,F
2012,2022,1,January,Himachal Pradesh,Rural,Miscellaneous,Transport and Communication,157.4,5.35,F
2012,2022,1,January,Himachal Pradesh,Urban,Miscellaneous,Transport and Communication,148.0,4.01,F
2012,2022,1,January,Himachal Pradesh,Combined,Miscellaneous,Transport and Communication,155.7,5.13,F
2012,2022,1,January,Jammu & Kashmir,Rural,Miscellaneous,Transport and Communication,182.6,4.82,F
2012,2022,1,January,Jammu & Kashmir,Urban,Miscellaneous,Transport and Communication,160.0,8.25,F
2012,2022,1,January,Jammu & Kashmir,Combined,Miscellaneous,Transport and Communication,173.6,6.11,F
2012,2022,1,January,Jharkhand,Rural,Miscellaneous,Transport and Communication,164.5,7.45,F
2012,2022,1,January,Jharkhand,Urban,Miscellaneous,Transport and Communication,150.0,7.84,F
2012,2022,1,January,Jharkhand,Combined,Miscellaneous,Transport and Communication,157.9,7.63,F
2012,2022,1,January,Karnataka,Rural,Miscellaneous,Transport and Communication,157.4,5.35,F
2012,2022,1,January,Karnataka,Urban,Miscellaneous,Transport and Communication,150.4,13.94,F
2012,2022,1,January,Karnataka,Combined,Miscellaneous,Transport and Communication,153.3,10.13,F
2012,2022,1,January,Kerala,Rural,Miscellaneous,Transport and Communication,159.8,7.46,F
2012,2022,1,January,Kerala,Urban,Miscellaneous,Transport and Communication,153.3,9.03,F
2012,2022,1,January,Kerala,Combined,Miscellaneous,Transport and Communication,157.2,8.04,F
2012,2022,1,January,Madhya Pradesh,Rural,Miscellaneous,Transport and Communication,164.6,12.35,F
2012,2022,1,January,Madhya Pradesh,Urban,Miscellaneous,Transport and Communication,149.1,10.94,F
2012,2022,1,January,Madhya Pradesh,Combined,Miscellaneous,Transport and Communication,156.9,11.67,F
2012,2022,1,January,Maharashtra,Rural,Miscellaneous,Transport and Communication,163.1,10.73,F
2012,2022,1,January,Maharashtra,Urban,Miscellaneous,Transport and Communication,155.5,12.52,F
2012,2022,1,January,Maharashtra,Combined,Miscellaneous,Transport and Communication,157.8,11.99,F
2012,2022,1,January,Odisha,Rural,Miscellaneous,Transport and Communication,164.2,9.10,F
2012,2022,1,January,Odisha,Urban,Miscellaneous,Transport and Communication,147.8,11.30,F
2012,2022,1,January,Odisha,Combined,Miscellaneous,Transport and Communication,157.7,9.90,F
2012,2022,1,January,Punjab,Rural,Miscellaneous,Transport and Communication,155.9,8.34,F
2012,2022,1,January,Punjab,Urban,Miscellaneous,Transport and Communication,148.7,9.99,F
2012,2022,1,January,Punjab,Combined,Miscellaneous,Transport and Communication,152.9,9.06,F
2012,2022,1,January,Rajasthan,Rural,Miscellaneous,Transport and Communication,160.3,7.73,F
2012,2022,1,January,Rajasthan,Urban,Miscellaneous,Transport and Communication,152.0,10.71,F
2012,2022,1,January,Rajasthan,Combined,Miscellaneous,Transport and Communication,156.9,8.88,F
2012,2022,1,January,Tamil Nadu,Rural,Miscellaneous,Transport and Communication,162.0,5.13,F
2012,2022,1,January,Tamil Nadu,Urban,Miscellaneous,Transport and Communication,152.5,6.79,F
2012,2022,1,January,Tamil Nadu,Combined,Miscellaneous,Transport and Communication,156.3,6.11,F
2012,2022,1,January,Telangana,Rural,Miscellaneous,Transport and Communication,156.0,8.41,F
2012,2022,1,January,Telangana,Urban,Miscellaneous,Transport and Communication,152.0,9.12,F
2012,2022,1,January,Telangana,Combined,Miscellaneous,Transport and Communication,153.6,8.78,F
2012,2022,1,January,Uttarakhand,Rural,Miscellaneous,Transport and Communication,163.9,9.34,F
2012,2022,1,January,Uttarakhand,Urban,Miscellaneous,Transport and Communication,138.5,8.37,F
2012,2022,1,January,Uttarakhand,Combined,Miscellaneous,Transport and Communication,154.9,9.01,F
2012,2022,1,January,Uttar Pradesh,Rural,Miscellaneous,Transport and Communication,154.4,8.58,F
2012,2022,1,January,Uttar Pradesh,Urban,Miscellaneous,Transport and Communication,149.2,11.84,F
2012,2022,1,January,Uttar Pradesh,Combined,Miscellaneous,Transport and Communication,152.2,9.97,F
2012,2022,1,January,West Bengal,Rural,Miscellaneous,Transport and Communication,177.8,9.89,F
2012,2022,1,January,West Bengal,Urban,Miscellaneous,Transport and Communication,167.3,7.24,F
2012,2022,1,January,West Bengal,Combined,Miscellaneous,Transport and Communication,171.5,8.34,F